employee_id,hire_date,department,employment_status,education_level,location,age,tenure_years,salary_usd,performance_score,salary_text
EMP-5001,2017-02-02,Engineering,Leave,Masters,Samarkand,22,1.1,18091.37,2,$18091.37
EMP-5002,2018-03-03,HR,active,PhD,Bukhara,23,2.2,18182.74,3,$18182.74
EMP-5003,2019-04-04,Finance,Resigned,Diploma,Remote,24,3.3,18274.11,4,$18274.11
EMP-5004,2020-05-05,Operations,Active,Bachelors,Tashkent,25,4.4,18365.48,5,$18365.48
EMP-5005,2021-06-06,Support,Leave,Masters,Samarkand,26,5.5,18456.85,1,$18456.85
EMP-5006,2022-07-07,Sales,active,PhD,Bukhara,27,6.6,18548.22,2,$18548.22
EMP-5007,2023-08-08,Engineering,Resigned,Diploma,Remote,28,7.7,18639.59,3,$18639.59
EMP-5008,2024-09-09,HR,Active,Bachelors,Tashkent,29,8.8,18730.96,4,$18730.96
EMP-5009,2025-10-10,Finance,Leave,Masters,Samarkand,30,9.9,18822.33,5,$18822.33
EMP-5010,2016-11-11,Operations,active,PhD,Bukhara,31,10.0,18913.70,1,$18913.70
EMP-5011,2017-12-12,Support,Resigned,Diploma,Remote,32,11.1,19005.07,2,$19005.07
EMP-5012,2018-01-13,Sales,Active,Bachelors,Tashkent,33,0.2,19096.44,3,$19096.44
EMP-5013,2019-02-14,Engineering,Leave,Masters,Samarkand,34,1.3,19187.81,4,$19187.81
EMP-5014,2020-03-15,HR,active,PhD,Bukhara,35,2.4,19279.18,5,$19279.18
EMP-5015,2021-04-16,Finance,Resigned,Diploma,Remote,36,3.5,19370.55,1,$19370.55
EMP-5016,2022-05-17,Operations,Active,Bachelors,Tashkent,37,4.6,19461.92,,$19461.92
EMP-5017,2023-06-18,Support,Leave,Masters,Samarkand,38,5.7,19553.29,3,$19553.29
EMP-5018,2024-07-19,Sales,active,PhD,Bukhara,39,6.8,,4,$0
EMP-5019,2025-08-20,Engineering,Resigned,Diploma,Remote,40,7.9,19736.03,5,$19736.03
EMP-5020,2016-09-21,HR,Active,Bachelors,Tashkent,41,8.0,19827.40,1,$19827.40
EMP-5021,2017-10-22,Finance,Leave,,Samarkand,42,9.1,19918.77,2,$19918.77
EMP-5022,2018-11-23,Operations,active,PhD,Bukhara,43,10.2,20010.14,3,$20010.14
EMP-5023,2019-12-24,Support,Resigned,Diploma,Remote,44,11.3,20101.51,4,$20101.51
EMP-5024,2020-01-25,Sales,Active,Bachelors,Tashkent,45,0.4,20192.88,5,$20192.88
EMP-5025,2021-02-26,Engineering,Leave,Masters,Samarkand,46,1.5,20284.25,1,$20284.25
EMP-5026,2022-03-27,HR,active,PhD,Bukhara,47,2.6,20375.62,2,$20375.62
EMP-5027,2023-04-28,Finance,Resigned,Diploma,Remote,48,3.7,20466.99,3,$20466.99
EMP-5028,2024-05-01,Operations,Active,Bachelors,Tashkent,49,4.8,20558.36,4,$20558.36
EMP-5029,2025-06-02, sales ,Leave,Masters,Samarkand,50,5.9,20649.73,5,$20649.73
EMP-5030,2016-07-03,Sales,active,PhD,Bukhara,51,6.0,20741.10,1,$20741.10
EMP-5031,2017-08-04,Engineering,Resigned,Diploma,Remote,52,7.1,20832.47,2,$20832.47
EMP-5032,2018-09-05,HR,Active,Bachelors,Tashkent,53,8.2,20923.84,,$20923.84
EMP-5033,2019-10-06,Finance,Leave,Masters,Samarkand,54,9.3,21015.21,4,$21015.21
EMP-5034,2020-11-07,Operations,active,PhD,Bukhara,55,10.4,21106.58,5,$21106.58
EMP-5035,2021-12-08,Support,Resigned,Diploma,Remote,56,11.5,21197.95,1,$21197.95
EMP-5036,2022-01-09,Sales,Active,Bachelors,Tashkent,57,0.6,,2,$0
EMP-5037,2023-02-10,Engineering,Leave,Masters,Samarkand,58,1.7,21380.69,3,$21380.69
EMP-5038,2024-03-11,HR,active,PhD,Bukhara,59,2.8,21472.06,4,$21472.06
EMP-5039,2025-04-12,Finance,Resigned,Diploma,Remote,60,3.9,21563.43,5,$21563.43
EMP-5040,2016-05-13,Operations,Active,Bachelors,Tashkent,21,4.0,21654.80,1,$21654.80
EMP-5041,2017-06-14,Support,Leave,Masters,Samarkand,22,5.1,21746.17,2,$21746.17
EMP-5042,2018-07-15,Sales,active,,Bukhara,23,6.2,21837.54,3,$21837.54
EMP-5043,2019-08-16,Engineering,Resigned,Diploma,Remote,24,7.3,21928.91,4,$21928.91
EMP-5044,2020-09-17,HR,Active,Bachelors,Tashkent,25,8.4,22020.28,5,$22020.28
EMP-5045,2021-10-18,Finance,Leave,Masters,Samarkand,26,9.5,22111.65,1,$22111.65
EMP-5046,2022-11-19,Operations,active,PhD,Bukhara,27,10.6,22203.02,2,$22203.02
EMP-5047,2023-12-20,Support,Resigned,Diploma,Remote,28,11.7,22294.39,3,$22294.39
EMP-5048,2024-01-21,Sales,Active,Bachelors,Tashkent,29,0.8,22385.76,,$22385.76
EMP-5049,2025-02-22,Engineering,Leave,Masters,Samarkand,30,1.9,22477.13,5,$22477.13
EMP-5050,2016-03-23,HR,active,PhD,Bukhara,31,2.0,22568.50,1,$22568.50
EMP-5051,2017-04-24,Finance,Resigned,Diploma,Remote,32,3.1,22659.87,2,$22659.87
EMP-5052,2018-05-25,Operations,Active,Bachelors,Tashkent,33,4.2,22751.24,3,$22751.24
EMP-5053,2019-06-26,Support,Leave,Masters,Samarkand,34,5.3,22842.61,4,$22842.61
EMP-5054,2020-07-27,Sales,active,PhD,Bukhara,35,6.4,,5,$0
EMP-5055,2021-08-28,Engineering,Resigned,Diploma,Remote,36,7.5,23025.35,1,$23025.35
EMP-5056,2022-09-01,HR,Active,Bachelors,Tashkent,37,8.6,23116.72,2,$23116.72
EMP-5057,2023-10-02,Finance,Leave,Masters,Samarkand,38,9.7,23208.09,3,$23208.09
EMP-5058,2024-11-03, sales ,active,PhD,Bukhara,39,10.8,23299.46,4,$23299.46
EMP-5059,2025-12-04,Support,Resigned,Diploma,Remote,40,11.9,23390.83,5,$23390.83
EMP-5060,2016-01-05,Sales,Active,Bachelors,Tashkent,41,0.0,23482.20,1,$23482.20
EMP-5061,2017-02-06,Engineering,Leave,Masters,Samarkand,42,1.1,23573.57,2,$23573.57
EMP-5062,2018-03-07,HR,active,PhD,Bukhara,43,2.2,23664.94,3,$23664.94
EMP-5063,2019-04-08,Finance,Resigned,,Remote,44,3.3,23756.31,4,$23756.31
EMP-5064,2020-05-09,Operations,Active,Bachelors,Tashkent,45,4.4,23847.68,,$23847.68
EMP-5065,2021-06-10,Support,Leave,Masters,Samarkand,46,5.5,23939.05,1,$23939.05
EMP-5066,2022-07-11,Sales,active,PhD,Bukhara,47,6.6,24030.42,2,$24030.42
EMP-5067,2023-08-12,Engineering,Resigned,Diploma,Remote,48,7.7,24121.79,3,$24121.79
EMP-5068,2024-09-13,HR,Active,Bachelors,Tashkent,49,8.8,24213.16,4,$24213.16
EMP-5069,2025-10-14,Finance,Leave,Masters,Samarkand,50,9.9,24304.53,5,$24304.53
EMP-5070,2016-11-15,Operations,active,PhD,Bukhara,51,10.0,24395.90,1,$24395.90
EMP-5071,2017-12-16,Support,Resigned,Diploma,Remote,52,11.1,24487.27,2,$24487.27
EMP-5072,2018-01-17,Sales,Active,Bachelors,Tashkent,53,0.2,,3,$0
EMP-5073,2019-02-18,Engineering,Leave,Masters,Samarkand,54,1.3,24670.01,4,$24670.01
EMP-5074,2020-03-19,HR,active,PhD,Bukhara,55,2.4,24761.38,5,$24761.38
EMP-5075,2021-04-20,Finance,Resigned,Diploma,Remote,56,3.5,24852.75,1,$24852.75
EMP-5076,2022-05-21,Operations,Active,Bachelors,Tashkent,57,4.6,24944.12,2,$24944.12
EMP-5077,2023-06-22,Support,Leave,Masters,Samarkand,58,5.7,25035.49,3,$25035.49
EMP-5078,2024-07-23,Sales,active,PhD,Bukhara,59,6.8,25126.86,4,$25126.86
EMP-5079,2025-08-24,Engineering,Resigned,Diploma,Remote,60,7.9,25218.23,5,$25218.23
EMP-5080,2016-09-25,HR,Active,Bachelors,Tashkent,21,8.0,25309.60,,$25309.60
EMP-5081,2017-10-26,Finance,Leave,Masters,Samarkand,22,9.1,25400.97,2,$25400.97
EMP-5082,2018-11-27,Operations,active,PhD,Bukhara,23,10.2,25492.34,3,$25492.34
EMP-5083,2019-12-28,Support,Resigned,Diploma,Remote,24,11.3,102334.84,4,$102334.84
EMP-5084,2020-01-01,Sales,Active,,Tashkent,25,0.4,25675.08,5,$25675.08
EMP-5085,2021-02-02,Engineering,Leave,Masters,Samarkand,26,1.5,25766.45,1,$25766.45
EMP-5086,2022-03-03,HR,active,PhD,Bukhara,27,2.6,25857.82,2,$25857.82
EMP-5087,2023-04-04, sales ,Resigned,Diploma,Remote,28,3.7,25949.19,3,$25949.19
EMP-5088,2024-05-05,Operations,Active,Bachelors,Tashkent,29,4.8,26040.56,4,$26040.56
EMP-5089,2025-06-06,Support,Leave,Masters,Samarkand,30,5.9,26131.93,5,$26131.93
EMP-5090,2016-07-07,Sales,active,PhD,Bukhara,31,6.0,,1,$0
EMP-5091,2017-08-08,Engineering,Resigned,Diploma,Remote,32,7.1,26314.67,2,$26314.67
EMP-5092,2018-09-09,HR,Active,Bachelors,Tashkent,33,8.2,26406.04,3,$26406.04
EMP-5093,2019-10-10,Finance,Leave,Masters,Samarkand,34,9.3,26497.41,4,$26497.41
EMP-5094,2020-11-11,Operations,active,PhD,Bukhara,35,10.4,26588.78,5,$26588.78
EMP-5095,2021-12-12,Support,Resigned,Diploma,Remote,36,11.5,26680.15,1,$26680.15
EMP-5096,2022-01-13,Sales,Active,Bachelors,Tashkent,37,0.6,26771.52,,$26771.52
EMP-5097,2023-02-14,Engineering,Leave,Masters,Samarkand,38,1.7,26862.89,3,$26862.89
EMP-5098,2024-03-15,HR,active,PhD,Bukhara,39,2.8,26954.26,4,$26954.26
EMP-5099,2025-04-16,Finance,Resigned,Diploma,Remote,40,3.9,27045.63,5,$27045.63
EMP-5100,2016-05-17,Operations,Active,Bachelors,Tashkent,41,4.0,27137.00,1,$27137.00
EMP-5101,2017-06-18,Support,Leave,Masters,Samarkand,42,5.1,27228.37,2,$27228.37
EMP-5102,2018-07-19,Sales,active,PhD,Bukhara,43,6.2,27319.74,3,$27319.74
EMP-5103,2019-08-20,Engineering,Resigned,Diploma,Remote,44,7.3,27411.11,4,$27411.11
EMP-5104,2020-09-21,HR,Active,Bachelors,Tashkent,45,8.4,27502.48,5,$27502.48
EMP-5105,2021-10-22,Finance,Leave,,Samarkand,46,9.5,27593.85,1,$27593.85
EMP-5106,2022-11-23,Operations,active,PhD,Bukhara,47,10.6,27685.22,2,$27685.22
EMP-5107,2023-12-24,Support,Resigned,Diploma,Remote,48,11.7,27776.59,3,$27776.59
EMP-5108,2024-01-25,Sales,Active,Bachelors,Tashkent,49,0.8,,4,$0
EMP-5109,2025-02-26,Engineering,Leave,Masters,Samarkand,50,1.9,27959.33,5,$27959.33
EMP-5110,2016-03-27,HR,active,PhD,Bukhara,51,2.0,28050.70,1,$28050.70
EMP-5111,2017-04-28,Finance,Resigned,Diploma,Remote,52,3.1,28142.07,2,$28142.07
EMP-5112,2018-05-01,Operations,Active,Bachelors,Tashkent,53,4.2,28233.44,,$28233.44
EMP-5113,2019-06-02,Support,Leave,Masters,Samarkand,54,5.3,28324.81,4,$28324.81
EMP-5114,2020-07-03,Sales,active,PhD,Bukhara,55,6.4,28416.18,5,$28416.18
EMP-5115,2021-08-04,Engineering,Resigned,Diploma,Remote,56,7.5,28507.55,1,$28507.55
EMP-5116,2022-09-05, sales ,Active,Bachelors,Tashkent,57,8.6,28598.92,2,$28598.92
EMP-5117,2023-10-06,Finance,Leave,Masters,Samarkand,58,9.7,28690.29,3,$28690.29
EMP-5118,2024-11-07,Operations,active,PhD,Bukhara,59,10.8,28781.66,4,$28781.66
EMP-5119,2025-12-08,Support,Resigned,Diploma,Remote,60,11.9,28873.03,5,$28873.03
EMP-5120,2016-01-09,Sales,Active,Bachelors,Tashkent,21,0.0,28964.40,1,$28964.40
EMP-5121,2017-02-10,Engineering,Leave,Masters,Samarkand,22,1.1,29055.77,2,$29055.77
EMP-5122,2018-03-11,HR,active,PhD,Bukhara,23,2.2,29147.14,3,$29147.14
EMP-5123,2019-04-12,Finance,Resigned,Diploma,Remote,24,3.3,29238.51,4,$29238.51
EMP-5124,2020-05-13,Operations,Active,Bachelors,Tashkent,25,4.4,29329.88,5,$29329.88
EMP-5125,2021-06-14,Support,Leave,Masters,Samarkand,26,5.5,29421.25,1,$29421.25
EMP-5126,2022-07-15,Sales,active,,Bukhara,27,6.6,,2,$0
EMP-5127,2023-08-16,Engineering,Resigned,Diploma,Remote,28,7.7,29603.99,3,$29603.99
EMP-5128,2024-09-17,HR,Active,Bachelors,Tashkent,29,8.8,29695.36,,$29695.36
EMP-5129,2025-10-18,Finance,Leave,Masters,Samarkand,30,9.9,29786.73,5,$29786.73
EMP-5130,2016-11-19,Operations,active,PhD,Bukhara,31,10.0,29878.10,1,$29878.10
EMP-5131,2017-12-20,Support,Resigned,Diploma,Remote,32,11.1,29969.47,2,$29969.47
EMP-5132,2018-01-21,Sales,Active,Bachelors,Tashkent,33,0.2,30060.84,3,$30060.84
EMP-5133,2019-02-22,Engineering,Leave,Masters,Samarkand,34,1.3,30152.21,4,$30152.21
EMP-5134,2020-03-23,HR,active,PhD,Bukhara,35,2.4,30243.58,5,$30243.58
EMP-5135,2021-04-24,Finance,Resigned,Diploma,Remote,36,3.5,30334.95,1,$30334.95
EMP-5136,2022-05-25,Operations,Active,Bachelors,Tashkent,37,4.6,30426.32,2,$30426.32
EMP-5137,2023-06-26,Support,Leave,Masters,Samarkand,38,5.7,30517.69,3,$30517.69
EMP-5138,2024-07-27,Sales,active,PhD,Bukhara,39,6.8,30609.06,4,$30609.06
EMP-5139,2025-08-28,Engineering,Resigned,Diploma,Remote,40,7.9,30700.43,5,$30700.43
EMP-5140,2016-09-01,HR,Active,Bachelors,Tashkent,41,8.0,30791.80,1,$30791.80
EMP-5141,2017-10-02,Finance,Leave,Masters,Samarkand,42,9.1,30883.17,2,$30883.17
EMP-5142,2018-11-03,Operations,active,PhD,Bukhara,43,10.2,30974.54,3,$30974.54
EMP-5143,2019-12-04,Support,Resigned,Diploma,Remote,44,11.3,31065.91,4,$31065.91
EMP-5144,2020-01-05,Sales,Active,Bachelors,Tashkent,45,0.4,,,$0
EMP-5145,2021-02-06, sales ,Leave,Masters,Samarkand,46,1.5,31248.65,1,$31248.65
EMP-5146,2022-03-07,HR,active,PhD,Bukhara,47,2.6,31340.02,2,$31340.02
EMP-5147,2023-04-08,Finance,Resigned,,Remote,48,3.7,31431.39,3,$31431.39
EMP-5148,2024-05-09,Operations,Active,Bachelors,Tashkent,49,4.8,31522.76,4,$31522.76
EMP-5149,2025-06-10,Support,Leave,Masters,Samarkand,50,5.9,31614.13,5,$31614.13
EMP-5150,2016-07-11,Sales,active,PhD,Bukhara,51,6.0,31705.50,1,$31705.50
EMP-5151,2017-08-12,Engineering,Resigned,Diploma,Remote,52,7.1,31796.87,2,$31796.87
EMP-5152,2018-09-13,HR,Active,Bachelors,Tashkent,53,8.2,31888.24,3,$31888.24
EMP-5153,2019-10-14,Finance,Leave,Masters,Samarkand,54,9.3,31979.61,4,$31979.61
EMP-5154,2020-11-15,Operations,active,PhD,Bukhara,55,10.4,32070.98,5,$32070.98
EMP-5155,2021-12-16,Support,Resigned,Diploma,Remote,56,11.5,32162.35,1,$32162.35
EMP-5156,2022-01-17,Sales,Active,Bachelors,Tashkent,57,0.6,32253.72,2,$32253.72
EMP-5157,2023-02-18,Engineering,Leave,Masters,Samarkand,58,1.7,32345.09,3,$32345.09
EMP-5158,2024-03-19,HR,active,PhD,Bukhara,59,2.8,32436.46,4,$32436.46
EMP-5159,2025-04-20,Finance,Resigned,Diploma,Remote,60,3.9,32527.83,5,$32527.83
EMP-5160,2016-05-21,Operations,Active,Bachelors,Tashkent,21,4.0,32619.20,,$32619.20
EMP-5161,2017-06-22,Support,Leave,Masters,Samarkand,22,5.1,32710.57,2,$32710.57
EMP-5162,2018-07-23,Sales,active,PhD,Bukhara,23,6.2,,3,$0
EMP-5163,2019-08-24,Engineering,Resigned,Diploma,Remote,24,7.3,32893.31,4,$32893.31
EMP-5164,2020-09-25,HR,Active,Bachelors,Tashkent,25,8.4,32984.68,5,$32984.68
EMP-5165,2021-10-26,Finance,Leave,Masters,Samarkand,26,9.5,33076.05,1,$33076.05
EMP-5166,2022-11-27,Operations,active,PhD,Bukhara,27,10.6,132669.68,2,$132669.68
EMP-5167,2023-12-28,Support,Resigned,Diploma,Remote,28,11.7,33258.79,3,$33258.79
EMP-5168,2024-01-01,Sales,Active,,Tashkent,29,0.8,33350.16,4,$33350.16
EMP-5169,2025-02-02,Engineering,Leave,Masters,Samarkand,30,1.9,33441.53,5,$33441.53
EMP-5170,2016-03-03,HR,active,PhD,Bukhara,31,2.0,33532.90,1,$33532.90
EMP-5171,2017-04-04,Finance,Resigned,Diploma,Remote,32,3.1,33624.27,2,$33624.27
EMP-5172,2018-05-05,Operations,Active,Bachelors,Tashkent,33,4.2,33715.64,3,$33715.64
EMP-5173,2019-06-06,Support,Leave,Masters,Samarkand,34,5.3,33807.01,4,$33807.01
EMP-5174,2020-07-07, sales ,active,PhD,Bukhara,35,6.4,33898.38,5,$33898.38
EMP-5175,2021-08-08,Engineering,Resigned,Diploma,Remote,36,7.5,33989.75,1,$33989.75
EMP-5176,2022-09-09,HR,Active,Bachelors,Tashkent,37,8.6,34081.12,,$34081.12
EMP-5177,2023-10-10,Finance,Leave,Masters,Samarkand,38,9.7,34172.49,3,$34172.49
EMP-5178,2024-11-11,Operations,active,PhD,Bukhara,39,10.8,34263.86,4,$34263.86
EMP-5179,2025-12-12,Support,Resigned,Diploma,Remote,40,11.9,34355.23,5,$34355.23
EMP-5180,2016-01-13,Sales,Active,Bachelors,Tashkent,41,0.0,,1,$0
EMP-5181,2017-02-14,Engineering,Leave,Masters,Samarkand,42,1.1,34537.97,2,$34537.97
EMP-5182,2018-03-15,HR,active,PhD,Bukhara,43,2.2,34629.34,3,$34629.34
EMP-5183,2019-04-16,Finance,Resigned,Diploma,Remote,44,3.3,34720.71,4,$34720.71
EMP-5184,2020-05-17,Operations,Active,Bachelors,Tashkent,45,4.4,34812.08,5,$34812.08
EMP-5185,2021-06-18,Support,Leave,Masters,Samarkand,46,5.5,34903.45,1,$34903.45
EMP-5186,2022-07-19,Sales,active,PhD,Bukhara,47,6.6,34994.82,2,$34994.82
EMP-5187,2023-08-20,Engineering,Resigned,Diploma,Remote,48,7.7,35086.19,3,$35086.19
EMP-5188,2024-09-21,HR,Active,Bachelors,Tashkent,49,8.8,35177.56,4,$35177.56
EMP-5189,2025-10-22,Finance,Leave,,Samarkand,50,9.9,35268.93,5,$35268.93
EMP-5190,2016-11-23,Operations,active,PhD,Bukhara,51,10.0,35360.30,1,$35360.30
EMP-5191,2017-12-24,Support,Resigned,Diploma,Remote,52,11.1,35451.67,2,$35451.67
EMP-5192,2018-01-25,Sales,Active,Bachelors,Tashkent,53,0.2,35543.04,,$35543.04
EMP-5193,2019-02-26,Engineering,Leave,Masters,Samarkand,54,1.3,35634.41,4,$35634.41
EMP-5194,2020-03-27,HR,active,PhD,Bukhara,55,2.4,35725.78,5,$35725.78
EMP-5195,2021-04-28,Finance,Resigned,Diploma,Remote,56,3.5,35817.15,1,$35817.15
EMP-5196,2022-05-01,Operations,Active,Bachelors,Tashkent,57,4.6,35908.52,2,$35908.52
EMP-5197,2023-06-02,Support,Leave,Masters,Samarkand,58,5.7,35999.89,3,$35999.89
EMP-5198,2024-07-03,Sales,active,PhD,Bukhara,59,6.8,,4,$0
EMP-5199,2025-08-04,Engineering,Resigned,Diploma,Remote,60,7.9,36182.63,5,$36182.63
EMP-5200,2016-09-05,HR,Active,Bachelors,Tashkent,21,8.0,36274.00,1,$36274.00
EMP-5201,2017-10-06,Finance,Leave,Masters,Samarkand,22,9.1,36365.37,2,$36365.37
EMP-5202,2018-11-07,Operations,active,PhD,Bukhara,23,10.2,36456.74,3,$36456.74
EMP-5203,2019-12-08, sales ,Resigned,Diploma,Remote,24,11.3,36548.11,4,$36548.11
EMP-5204,2020-01-09,Sales,Active,Bachelors,Tashkent,25,0.4,36639.48,5,$36639.48
EMP-5205,2021-02-10,Engineering,Leave,Masters,Samarkand,26,1.5,36730.85,1,$36730.85
EMP-5206,2022-03-11,HR,active,PhD,Bukhara,27,2.6,36822.22,2,$36822.22
EMP-5207,2023-04-12,Finance,Resigned,Diploma,Remote,28,3.7,36913.59,3,$36913.59
EMP-5208,2024-05-13,Operations,Active,Bachelors,Tashkent,29,4.8,37004.96,,$37004.96
EMP-5209,2025-06-14,Support,Leave,Masters,Samarkand,30,5.9,37096.33,5,$37096.33
EMP-5210,2016-07-15,Sales,active,,Bukhara,31,6.0,37187.70,1,$37187.70
EMP-5211,2017-08-16,Engineering,Resigned,Diploma,Remote,32,7.1,37279.07,2,$37279.07
EMP-5212,2018-09-17,HR,Active,Bachelors,Tashkent,33,8.2,37370.44,3,$37370.44
EMP-5213,2019-10-18,Finance,Leave,Masters,Samarkand,34,9.3,37461.81,4,$37461.81
EMP-5214,2020-11-19,Operations,active,PhD,Bukhara,35,10.4,37553.18,5,$37553.18
EMP-5215,2021-12-20,Support,Resigned,Diploma,Remote,36,11.5,37644.55,1,$37644.55
EMP-5216,2022-01-21,Sales,Active,Bachelors,Tashkent,37,0.6,,2,$0
EMP-5217,2023-02-22,Engineering,Leave,Masters,Samarkand,38,1.7,37827.29,3,$37827.29
EMP-5218,2024-03-23,HR,active,PhD,Bukhara,39,2.8,37918.66,4,$37918.66
EMP-5219,2025-04-24,Finance,Resigned,Diploma,Remote,40,3.9,38010.03,5,$38010.03
EMP-5220,2016-05-25,Operations,Active,Bachelors,Tashkent,41,4.0,38101.40,1,$38101.40
EMP-5221,2017-06-26,Support,Leave,Masters,Samarkand,42,5.1,38192.77,2,$38192.77
EMP-5222,2018-07-27,Sales,active,PhD,Bukhara,43,6.2,38284.14,3,$38284.14
EMP-5223,2019-08-28,Engineering,Resigned,Diploma,Remote,44,7.3,38375.51,4,$38375.51
EMP-5224,2020-09-01,HR,Active,Bachelors,Tashkent,45,8.4,38466.88,,$38466.88
EMP-5225,2021-10-02,Finance,Leave,Masters,Samarkand,46,9.5,38558.25,1,$38558.25
EMP-5226,2022-11-03,Operations,active,PhD,Bukhara,47,10.6,38649.62,2,$38649.62
EMP-5227,2023-12-04,Support,Resigned,Diploma,Remote,48,11.7,38740.99,3,$38740.99
EMP-5228,2024-01-05,Sales,Active,Bachelors,Tashkent,49,0.8,38832.36,4,$38832.36
EMP-5229,2025-02-06,Engineering,Leave,Masters,Samarkand,50,1.9,38923.73,5,$38923.73
EMP-5230,2016-03-07,HR,active,PhD,Bukhara,51,2.0,39015.10,1,$39015.10
EMP-5231,2017-04-08,Finance,Resigned,,Remote,52,3.1,39106.47,2,$39106.47
EMP-5232,2018-05-09, sales ,Active,Bachelors,Tashkent,53,4.2,39197.84,3,$39197.84
EMP-5233,2019-06-10,Support,Leave,Masters,Samarkand,54,5.3,39289.21,4,$39289.21
EMP-5234,2020-07-11,Sales,active,PhD,Bukhara,55,6.4,,5,$0
EMP-5235,2021-08-12,Engineering,Resigned,Diploma,Remote,56,7.5,39471.95,1,$39471.95
EMP-5236,2022-09-13,HR,Active,Bachelors,Tashkent,57,8.6,39563.32,2,$39563.32
EMP-5237,2023-10-14,Finance,Leave,Masters,Samarkand,58,9.7,39654.69,3,$39654.69
EMP-5238,2024-11-15,Operations,active,PhD,Bukhara,59,10.8,39746.06,4,$39746.06
EMP-5239,2025-12-16,Support,Resigned,Diploma,Remote,60,11.9,39837.43,5,$39837.43
EMP-5240,2016-01-17,Sales,Active,Bachelors,Tashkent,21,0.0,39928.80,,$39928.80
EMP-5241,2017-02-18,Engineering,Leave,Masters,Samarkand,22,1.1,40020.17,2,$40020.17
EMP-5242,2018-03-19,HR,active,PhD,Bukhara,23,2.2,40111.54,3,$40111.54
EMP-5243,2019-04-20,Finance,Resigned,Diploma,Remote,24,3.3,40202.91,4,$40202.91
EMP-5244,2020-05-21,Operations,Active,Bachelors,Tashkent,25,4.4,40294.28,5,$40294.28
EMP-5245,2021-06-22,Support,Leave,Masters,Samarkand,26,5.5,40385.65,1,$40385.65
EMP-5246,2022-07-23,Sales,active,PhD,Bukhara,27,6.6,40477.02,2,$40477.02
EMP-5247,2023-08-24,Engineering,Resigned,Diploma,Remote,28,7.7,40568.39,3,$40568.39
EMP-5248,2024-09-25,HR,Active,Bachelors,Tashkent,29,8.8,40659.76,4,$40659.76
EMP-5249,2025-10-26,Finance,Leave,Masters,Samarkand,30,9.9,163004.52,5,$163004.52
EMP-5250,2016-11-27,Operations,active,PhD,Bukhara,31,10.0,40842.50,1,$40842.50
EMP-5251,2017-12-28,Support,Resigned,Diploma,Remote,32,11.1,40933.87,2,$40933.87
EMP-5252,2018-01-01,Sales,Active,,Tashkent,33,0.2,,3,$0
EMP-5253,2019-02-02,Engineering,Leave,Masters,Samarkand,34,1.3,41116.61,4,$41116.61
EMP-5254,2020-03-03,HR,active,PhD,Bukhara,35,2.4,41207.98,5,$41207.98
EMP-5255,2021-04-04,Finance,Resigned,Diploma,Remote,36,3.5,41299.35,1,$41299.35
EMP-5256,2022-05-05,Operations,Active,Bachelors,Tashkent,37,4.6,41390.72,,$41390.72
EMP-5257,2023-06-06,Support,Leave,Masters,Samarkand,38,5.7,41482.09,3,$41482.09
EMP-5258,2024-07-07,Sales,active,PhD,Bukhara,39,6.8,41573.46,4,$41573.46
EMP-5259,2025-08-08,Engineering,Resigned,Diploma,Remote,40,7.9,41664.83,5,$41664.83
EMP-5260,2016-09-09,HR,Active,Bachelors,Tashkent,41,8.0,41756.20,1,$41756.20
EMP-5261,2017-10-10, sales ,Leave,Masters,Samarkand,42,9.1,41847.57,2,$41847.57
EMP-5262,2018-11-11,Operations,active,PhD,Bukhara,43,10.2,41938.94,3,$41938.94
EMP-5263,2019-12-12,Support,Resigned,Diploma,Remote,44,11.3,18030.31,4,$18030.31
EMP-5264,2020-01-13,Sales,Active,Bachelors,Tashkent,45,0.4,18121.68,5,$18121.68
EMP-5265,2021-02-14,Engineering,Leave,Masters,Samarkand,46,1.5,18213.05,1,$18213.05
EMP-5266,2022-03-15,HR,active,PhD,Bukhara,47,2.6,18304.42,2,$18304.42
EMP-5267,2023-04-16,Finance,Resigned,Diploma,Remote,48,3.7,18395.79,3,$18395.79
EMP-5268,2024-05-17,Operations,Active,Bachelors,Tashkent,49,4.8,18487.16,4,$18487.16
EMP-5269,2025-06-18,Support,Leave,Masters,Samarkand,50,5.9,18578.53,5,$18578.53
EMP-5270,2016-07-19,Sales,active,PhD,Bukhara,51,6.0,,1,$0
EMP-5271,2017-08-20,Engineering,Resigned,Diploma,Remote,52,7.1,18761.27,2,$18761.27
EMP-5272,2018-09-21,HR,Active,Bachelors,Tashkent,53,8.2,18852.64,,$18852.64
EMP-5273,2019-10-22,Finance,Leave,,Samarkand,54,9.3,18944.01,4,$18944.01
EMP-5274,2020-11-23,Operations,active,PhD,Bukhara,55,10.4,19035.38,5,$19035.38
EMP-5275,2021-12-24,Support,Resigned,Diploma,Remote,56,11.5,19126.75,1,$19126.75
EMP-5276,2022-01-25,Sales,Active,Bachelors,Tashkent,57,0.6,19218.12,2,$19218.12
EMP-5277,2023-02-26,Engineering,Leave,Masters,Samarkand,58,1.7,19309.49,3,$19309.49
EMP-5278,2024-03-27,HR,active,PhD,Bukhara,59,2.8,19400.86,4,$19400.86
EMP-5279,2025-04-28,Finance,Resigned,Diploma,Remote,60,3.9,19492.23,5,$19492.23
EMP-5280,2016-05-01,Operations,Active,Bachelors,Tashkent,21,4.0,19583.60,1,$19583.60
EMP-5281,2017-06-02,Support,Leave,Masters,Samarkand,22,5.1,19674.97,2,$19674.97
EMP-5282,2018-07-03,Sales,active,PhD,Bukhara,23,6.2,19766.34,3,$19766.34
EMP-5283,2019-08-04,Engineering,Resigned,Diploma,Remote,24,7.3,19857.71,4,$19857.71
EMP-5284,2020-09-05,HR,Active,Bachelors,Tashkent,25,8.4,19949.08,5,$19949.08
EMP-5285,2021-10-06,Finance,Leave,Masters,Samarkand,26,9.5,20040.45,1,$20040.45
EMP-5286,2022-11-07,Operations,active,PhD,Bukhara,27,10.6,20131.82,2,$20131.82
EMP-5287,2023-12-08,Support,Resigned,Diploma,Remote,28,11.7,20223.19,3,$20223.19
EMP-5288,2024-01-09,Sales,Active,Bachelors,Tashkent,29,0.8,,,$0
EMP-5289,2025-02-10,Engineering,Leave,Masters,Samarkand,30,1.9,20405.93,5,$20405.93
EMP-5290,2016-03-11, sales ,active,PhD,Bukhara,31,2.0,20497.30,1,$20497.30
EMP-5291,2017-04-12,Finance,Resigned,Diploma,Remote,32,3.1,20588.67,2,$20588.67
EMP-5292,2018-05-13,Operations,Active,Bachelors,Tashkent,33,4.2,20680.04,3,$20680.04
EMP-5293,2019-06-14,Support,Leave,Masters,Samarkand,34,5.3,20771.41,4,$20771.41
EMP-5294,2020-07-15,Sales,active,,Bukhara,35,6.4,20862.78,5,$20862.78
EMP-5295,2021-08-16,Engineering,Resigned,Diploma,Remote,36,7.5,20954.15,1,$20954.15
EMP-5296,2022-09-17,HR,Active,Bachelors,Tashkent,37,8.6,21045.52,2,$21045.52
EMP-5297,2023-10-18,Finance,Leave,Masters,Samarkand,38,9.7,21136.89,3,$21136.89
EMP-5298,2024-11-19,Operations,active,PhD,Bukhara,39,10.8,21228.26,4,$21228.26
EMP-5299,2025-12-20,Support,Resigned,Diploma,Remote,40,11.9,21319.63,5,$21319.63
EMP-5300,2016-01-21,Sales,Active,Bachelors,Tashkent,41,0.0,21411.00,1,$21411.00
EMP-5301,2017-02-22,Engineering,Leave,Masters,Samarkand,42,1.1,21502.37,2,$21502.37
EMP-5302,2018-03-23,HR,active,PhD,Bukhara,43,2.2,21593.74,3,$21593.74
EMP-5303,2019-04-24,Finance,Resigned,Diploma,Remote,44,3.3,21685.11,4,$21685.11
EMP-5304,2020-05-25,Operations,Active,Bachelors,Tashkent,45,4.4,21776.48,,$21776.48
EMP-5305,2021-06-26,Support,Leave,Masters,Samarkand,46,5.5,21867.85,1,$21867.85
EMP-5306,2022-07-27,Sales,active,PhD,Bukhara,47,6.6,,2,$0
EMP-5307,2023-08-28,Engineering,Resigned,Diploma,Remote,48,7.7,22050.59,3,$22050.59
EMP-5308,2024-09-01,HR,Active,Bachelors,Tashkent,49,8.8,22141.96,4,$22141.96
EMP-5309,2025-10-02,Finance,Leave,Masters,Samarkand,50,9.9,22233.33,5,$22233.33
EMP-5310,2016-11-03,Operations,active,PhD,Bukhara,51,10.0,22324.70,1,$22324.70
EMP-5311,2017-12-04,Support,Resigned,Diploma,Remote,52,11.1,22416.07,2,$22416.07
EMP-5312,2018-01-05,Sales,Active,Bachelors,Tashkent,53,0.2,22507.44,3,$22507.44
EMP-5313,2019-02-06,Engineering,Leave,Masters,Samarkand,54,1.3,22598.81,4,$22598.81
EMP-5314,2020-03-07,HR,active,PhD,Bukhara,55,2.4,22690.18,5,$22690.18
EMP-5315,2021-04-08,Finance,Resigned,,Remote,56,3.5,22781.55,1,$22781.55
EMP-5316,2022-05-09,Operations,Active,Bachelors,Tashkent,57,4.6,22872.92,2,$22872.92
EMP-5317,2023-06-10,Support,Leave,Masters,Samarkand,58,5.7,22964.29,3,$22964.29
EMP-5318,2024-07-11,Sales,active,PhD,Bukhara,59,6.8,23055.66,4,$23055.66
EMP-5319,2025-08-12, sales ,Resigned,Diploma,Remote,60,7.9,23147.03,5,$23147.03
EMP-5320,2016-09-13,HR,Active,Bachelors,Tashkent,21,8.0,23238.40,,$23238.40
EMP-5321,2017-10-14,Finance,Leave,Masters,Samarkand,22,9.1,23329.77,2,$23329.77
EMP-5322,2018-11-15,Operations,active,PhD,Bukhara,23,10.2,23421.14,3,$23421.14
EMP-5323,2019-12-16,Support,Resigned,Diploma,Remote,24,11.3,23512.51,4,$23512.51
EMP-5324,2020-01-17,Sales,Active,Bachelors,Tashkent,25,0.4,,5,$0
EMP-5325,2021-02-18,Engineering,Leave,Masters,Samarkand,26,1.5,23695.25,1,$23695.25
EMP-5326,2022-03-19,HR,active,PhD,Bukhara,27,2.6,23786.62,2,$23786.62
EMP-5327,2023-04-20,Finance,Resigned,Diploma,Remote,28,3.7,23877.99,3,$23877.99
EMP-5328,2024-05-21,Operations,Active,Bachelors,Tashkent,29,4.8,23969.36,4,$23969.36
EMP-5329,2025-06-22,Support,Leave,Masters,Samarkand,30,5.9,24060.73,5,$24060.73
EMP-5330,2016-07-23,Sales,active,PhD,Bukhara,31,6.0,24152.10,1,$24152.10
EMP-5331,2017-08-24,Engineering,Resigned,Diploma,Remote,32,7.1,24243.47,2,$24243.47
EMP-5332,2018-09-25,HR,Active,Bachelors,Tashkent,33,8.2,97339.36,3,$97339.36
EMP-5333,2019-10-26,Finance,Leave,Masters,Samarkand,34,9.3,24426.21,4,$24426.21
EMP-5334,2020-11-27,Operations,active,PhD,Bukhara,35,10.4,24517.58,5,$24517.58
EMP-5335,2021-12-28,Support,Resigned,Diploma,Remote,36,11.5,24608.95,1,$24608.95
EMP-5336,2022-01-01,Sales,Active,,Tashkent,37,0.6,24700.32,,$24700.32
EMP-5337,2023-02-02,Engineering,Leave,Masters,Samarkand,38,1.7,24791.69,3,$24791.69
EMP-5338,2024-03-03,HR,active,PhD,Bukhara,39,2.8,24883.06,4,$24883.06
EMP-5339,2025-04-04,Finance,Resigned,Diploma,Remote,40,3.9,24974.43,5,$24974.43
EMP-5340,2016-05-05,Operations,Active,Bachelors,Tashkent,41,4.0,25065.80,1,$25065.80
EMP-5341,2017-06-06,Support,Leave,Masters,Samarkand,42,5.1,25157.17,2,$25157.17
EMP-5342,2018-07-07,Sales,active,PhD,Bukhara,43,6.2,,3,$0
EMP-5343,2019-08-08,Engineering,Resigned,Diploma,Remote,44,7.3,25339.91,4,$25339.91
EMP-5344,2020-09-09,HR,Active,Bachelors,Tashkent,45,8.4,25431.28,5,$25431.28
EMP-5345,2021-10-10,Finance,Leave,Masters,Samarkand,46,9.5,25522.65,1,$25522.65
EMP-5346,2022-11-11,Operations,active,PhD,Bukhara,47,10.6,25614.02,2,$25614.02
EMP-5347,2023-12-12,Support,Resigned,Diploma,Remote,48,11.7,25705.39,3,$25705.39
EMP-5348,2024-01-13, sales ,Active,Bachelors,Tashkent,49,0.8,25796.76,4,$25796.76
EMP-5349,2025-02-14,Engineering,Leave,Masters,Samarkand,50,1.9,25888.13,5,$25888.13
EMP-5350,2016-03-15,HR,active,PhD,Bukhara,51,2.0,25979.50,1,$25979.50
EMP-5351,2017-04-16,Finance,Resigned,Diploma,Remote,52,3.1,26070.87,2,$26070.87
EMP-5352,2018-05-17,Operations,Active,Bachelors,Tashkent,53,4.2,26162.24,,$26162.24
EMP-5353,2019-06-18,Support,Leave,Masters,Samarkand,54,5.3,26253.61,4,$26253.61
EMP-5354,2020-07-19,Sales,active,PhD,Bukhara,55,6.4,26344.98,5,$26344.98
EMP-5355,2021-08-20,Engineering,Resigned,Diploma,Remote,56,7.5,26436.35,1,$26436.35
EMP-5356,2022-09-21,HR,Active,Bachelors,Tashkent,57,8.6,26527.72,2,$26527.72
EMP-5357,2023-10-22,Finance,Leave,,Samarkand,58,9.7,26619.09,3,$26619.09
EMP-5358,2024-11-23,Operations,active,PhD,Bukhara,59,10.8,26710.46,4,$26710.46
EMP-5359,2025-12-24,Support,Resigned,Diploma,Remote,60,11.9,26801.83,5,$26801.83
EMP-5360,2016-01-25,Sales,Active,Bachelors,Tashkent,21,0.0,,1,$0
EMP-5361,2017-02-26,Engineering,Leave,Masters,Samarkand,22,1.1,26984.57,2,$26984.57
EMP-5362,2018-03-27,HR,active,PhD,Bukhara,23,2.2,27075.94,3,$27075.94
EMP-5363,2019-04-28,Finance,Resigned,Diploma,Remote,24,3.3,27167.31,4,$27167.31
EMP-5364,2020-05-01,Operations,Active,Bachelors,Tashkent,25,4.4,27258.68,5,$27258.68
EMP-5365,2021-06-02,Support,Leave,Masters,Samarkand,26,5.5,27350.05,1,$27350.05
EMP-5366,2022-07-03,Sales,active,PhD,Bukhara,27,6.6,27441.42,2,$27441.42
EMP-5367,2023-08-04,Engineering,Resigned,Diploma,Remote,28,7.7,27532.79,3,$27532.79
EMP-5368,2024-09-05,HR,Active,Bachelors,Tashkent,29,8.8,27624.16,,$27624.16
EMP-5369,2025-10-06,Finance,Leave,Masters,Samarkand,30,9.9,27715.53,5,$27715.53
EMP-5370,2016-11-07,Operations,active,PhD,Bukhara,31,10.0,27806.90,1,$27806.90
EMP-5371,2017-12-08,Support,Resigned,Diploma,Remote,32,11.1,27898.27,2,$27898.27
EMP-5372,2018-01-09,Sales,Active,Bachelors,Tashkent,33,0.2,27989.64,3,$27989.64
EMP-5373,2019-02-10,Engineering,Leave,Masters,Samarkand,34,1.3,28081.01,4,$28081.01
EMP-5374,2020-03-11,HR,active,PhD,Bukhara,35,2.4,28172.38,5,$28172.38
EMP-5375,2021-04-12,Finance,Resigned,Diploma,Remote,36,3.5,28263.75,1,$28263.75
EMP-5376,2022-05-13,Operations,Active,Bachelors,Tashkent,37,4.6,28355.12,2,$28355.12
EMP-5377,2023-06-14, sales ,Leave,Masters,Samarkand,38,5.7,28446.49,3,$28446.49
EMP-5378,2024-07-15,Sales,active,,Bukhara,39,6.8,,4,$0
EMP-5379,2025-08-16,Engineering,Resigned,Diploma,Remote,40,7.9,28629.23,5,$28629.23
EMP-5380,2016-09-17,HR,Active,Bachelors,Tashkent,41,8.0,28720.60,1,$28720.60
EMP-5381,2017-10-18,Finance,Leave,Masters,Samarkand,42,9.1,28811.97,2,$28811.97
EMP-5382,2018-11-19,Operations,active,PhD,Bukhara,43,10.2,28903.34,3,$28903.34
EMP-5383,2019-12-20,Support,Resigned,Diploma,Remote,44,11.3,28994.71,4,$28994.71
EMP-5384,2020-01-21,Sales,Active,Bachelors,Tashkent,45,0.4,29086.08,,$29086.08
EMP-5385,2021-02-22,Engineering,Leave,Masters,Samarkand,46,1.5,29177.45,1,$29177.45
EMP-5386,2022-03-23,HR,active,PhD,Bukhara,47,2.6,29268.82,2,$29268.82
EMP-5387,2023-04-24,Finance,Resigned,Diploma,Remote,48,3.7,29360.19,3,$29360.19
EMP-5388,2024-05-25,Operations,Active,Bachelors,Tashkent,49,4.8,29451.56,4,$29451.56
EMP-5389,2025-06-26,Support,Leave,Masters,Samarkand,50,5.9,29542.93,5,$29542.93
EMP-5390,2016-07-27,Sales,active,PhD,Bukhara,51,6.0,29634.30,1,$29634.30
EMP-5391,2017-08-28,Engineering,Resigned,Diploma,Remote,52,7.1,29725.67,2,$29725.67
EMP-5392,2018-09-01,HR,Active,Bachelors,Tashkent,53,8.2,29817.04,3,$29817.04
EMP-5393,2019-10-02,Finance,Leave,Masters,Samarkand,54,9.3,29908.41,4,$29908.41
EMP-5394,2020-11-03,Operations,active,PhD,Bukhara,55,10.4,29999.78,5,$29999.78
EMP-5395,2021-12-04,Support,Resigned,Diploma,Remote,56,11.5,30091.15,1,$30091.15
EMP-5396,2022-01-05,Sales,Active,Bachelors,Tashkent,57,0.6,,2,$0
EMP-5397,2023-02-06,Engineering,Leave,Masters,Samarkand,58,1.7,30273.89,3,$30273.89
EMP-5398,2024-03-07,HR,active,PhD,Bukhara,59,2.8,30365.26,4,$30365.26
EMP-5399,2025-04-08,Finance,Resigned,,Remote,60,3.9,30456.63,5,$30456.63
EMP-5400,2016-05-09,Operations,Active,Bachelors,Tashkent,21,4.0,30548.00,,$30548.00
EMP-5401,2017-06-10,Support,Leave,Masters,Samarkand,22,5.1,30639.37,2,$30639.37
EMP-5402,2018-07-11,Sales,active,PhD,Bukhara,23,6.2,30730.74,3,$30730.74
EMP-5403,2019-08-12,Engineering,Resigned,Diploma,Remote,24,7.3,30822.11,4,$30822.11
EMP-5404,2020-09-13,HR,Active,Bachelors,Tashkent,25,8.4,30913.48,5,$30913.48
EMP-5405,2021-10-14,Finance,Leave,Masters,Samarkand,26,9.5,31004.85,1,$31004.85
EMP-5406,2022-11-15, sales ,active,PhD,Bukhara,27,10.6,31096.22,2,$31096.22
EMP-5407,2023-12-16,Support,Resigned,Diploma,Remote,28,11.7,31187.59,3,$31187.59
EMP-5408,2024-01-17,Sales,Active,Bachelors,Tashkent,29,0.8,31278.96,4,$31278.96
EMP-5409,2025-02-18,Engineering,Leave,Masters,Samarkand,30,1.9,31370.33,5,$31370.33
EMP-5410,2016-03-19,HR,active,PhD,Bukhara,31,2.0,31461.70,1,$31461.70
EMP-5411,2017-04-20,Finance,Resigned,Diploma,Remote,32,3.1,31553.07,2,$31553.07
EMP-5412,2018-05-21,Operations,Active,Bachelors,Tashkent,33,4.2,31644.44,3,$31644.44
EMP-5413,2019-06-22,Support,Leave,Masters,Samarkand,34,5.3,31735.81,4,$31735.81
EMP-5414,2020-07-23,Sales,active,PhD,Bukhara,35,6.4,,5,$0
EMP-5415,2021-08-24,Engineering,Resigned,Diploma,Remote,36,7.5,127674.20,1,$127674.20
EMP-5416,2022-09-25,HR,Active,Bachelors,Tashkent,37,8.6,32009.92,,$32009.92
EMP-5417,2023-10-26,Finance,Leave,Masters,Samarkand,38,9.7,32101.29,3,$32101.29
EMP-5418,2024-11-27,Operations,active,PhD,Bukhara,39,10.8,32192.66,4,$32192.66
EMP-5419,2025-12-28,Support,Resigned,Diploma,Remote,40,11.9,32284.03,5,$32284.03
EMP-5420,2016-01-01,Sales,Active,,Tashkent,41,0.0,32375.40,1,$32375.40
EMP-5421,2017-02-02,Engineering,Leave,Masters,Samarkand,42,1.1,32466.77,2,$32466.77
EMP-5422,2018-03-03,HR,active,PhD,Bukhara,43,2.2,32558.14,3,$32558.14
EMP-5423,2019-04-04,Finance,Resigned,Diploma,Remote,44,3.3,32649.51,4,$32649.51
EMP-5424,2020-05-05,Operations,Active,Bachelors,Tashkent,45,4.4,32740.88,5,$32740.88
EMP-5425,2021-06-06,Support,Leave,Masters,Samarkand,46,5.5,32832.25,1,$32832.25
EMP-5426,2022-07-07,Sales,active,PhD,Bukhara,47,6.6,32923.62,2,$32923.62
EMP-5427,2023-08-08,Engineering,Resigned,Diploma,Remote,48,7.7,33014.99,3,$33014.99
EMP-5428,2024-09-09,HR,Active,Bachelors,Tashkent,49,8.8,33106.36,4,$33106.36
EMP-5429,2025-10-10,Finance,Leave,Masters,Samarkand,50,9.9,33197.73,5,$33197.73
EMP-5430,2016-11-11,Operations,active,PhD,Bukhara,51,10.0,33289.10,1,$33289.10
EMP-5431,2017-12-12,Support,Resigned,Diploma,Remote,52,11.1,33380.47,2,$33380.47
EMP-5432,2018-01-13,Sales,Active,Bachelors,Tashkent,53,0.2,,,$0
EMP-5433,2019-02-14,Engineering,Leave,Masters,Samarkand,54,1.3,33563.21,4,$33563.21
EMP-5434,2020-03-15,HR,active,PhD,Bukhara,55,2.4,33654.58,5,$33654.58
EMP-5435,2021-04-16, sales ,Resigned,Diploma,Remote,56,3.5,33745.95,1,$33745.95
EMP-5436,2022-05-17,Operations,Active,Bachelors,Tashkent,57,4.6,33837.32,2,$33837.32
EMP-5437,2023-06-18,Support,Leave,Masters,Samarkand,58,5.7,33928.69,3,$33928.69
EMP-5438,2024-07-19,Sales,active,PhD,Bukhara,59,6.8,34020.06,4,$34020.06
EMP-5439,2025-08-20,Engineering,Resigned,Diploma,Remote,60,7.9,34111.43,5,$34111.43
EMP-5440,2016-09-21,HR,Active,Bachelors,Tashkent,21,8.0,34202.80,1,$34202.80
EMP-5441,2017-10-22,Finance,Leave,,Samarkand,22,9.1,34294.17,2,$34294.17
EMP-5442,2018-11-23,Operations,active,PhD,Bukhara,23,10.2,34385.54,3,$34385.54
EMP-5443,2019-12-24,Support,Resigned,Diploma,Remote,24,11.3,34476.91,4,$34476.91
EMP-5444,2020-01-25,Sales,Active,Bachelors,Tashkent,25,0.4,34568.28,5,$34568.28
EMP-5445,2021-02-26,Engineering,Leave,Masters,Samarkand,26,1.5,34659.65,1,$34659.65
EMP-5446,2022-03-27,HR,active,PhD,Bukhara,27,2.6,34751.02,2,$34751.02
EMP-5447,2023-04-28,Finance,Resigned,Diploma,Remote,28,3.7,34842.39,3,$34842.39
EMP-5448,2024-05-01,Operations,Active,Bachelors,Tashkent,29,4.8,34933.76,,$34933.76
EMP-5449,2025-06-02,Support,Leave,Masters,Samarkand,30,5.9,35025.13,5,$35025.13
EMP-5450,2016-07-03,Sales,active,PhD,Bukhara,31,6.0,,1,$0
EMP-5451,2017-08-04,Engineering,Resigned,Diploma,Remote,32,7.1,35207.87,2,$35207.87
EMP-5452,2018-09-05,HR,Active,Bachelors,Tashkent,33,8.2,35299.24,3,$35299.24
EMP-5453,2019-10-06,Finance,Leave,Masters,Samarkand,34,9.3,35390.61,4,$35390.61
EMP-5454,2020-11-07,Operations,active,PhD,Bukhara,35,10.4,35481.98,5,$35481.98
EMP-5455,2021-12-08,Support,Resigned,Diploma,Remote,36,11.5,35573.35,1,$35573.35
EMP-5456,2022-01-09,Sales,Active,Bachelors,Tashkent,37,0.6,35664.72,2,$35664.72
EMP-5457,2023-02-10,Engineering,Leave,Masters,Samarkand,38,1.7,35756.09,3,$35756.09
EMP-5458,2024-03-11,HR,active,PhD,Bukhara,39,2.8,35847.46,4,$35847.46
EMP-5459,2025-04-12,Finance,Resigned,Diploma,Remote,40,3.9,35938.83,5,$35938.83
EMP-5460,2016-05-13,Operations,Active,Bachelors,Tashkent,41,4.0,36030.20,1,$36030.20
EMP-5461,2017-06-14,Support,Leave,Masters,Samarkand,42,5.1,36121.57,2,$36121.57
EMP-5462,2018-07-15,Sales,active,,Bukhara,43,6.2,36212.94,3,$36212.94
EMP-5463,2019-08-16,Engineering,Resigned,Diploma,Remote,44,7.3,36304.31,4,$36304.31
EMP-5464,2020-09-17, sales ,Active,Bachelors,Tashkent,45,8.4,36395.68,,$36395.68
EMP-5465,2021-10-18,Finance,Leave,Masters,Samarkand,46,9.5,36487.05,1,$36487.05
EMP-5466,2022-11-19,Operations,active,PhD,Bukhara,47,10.6,36578.42,2,$36578.42
EMP-5467,2023-12-20,Support,Resigned,Diploma,Remote,48,11.7,36669.79,3,$36669.79
EMP-5468,2024-01-21,Sales,Active,Bachelors,Tashkent,49,0.8,,4,$0
EMP-5469,2025-02-22,Engineering,Leave,Masters,Samarkand,50,1.9,36852.53,5,$36852.53
EMP-5470,2016-03-23,HR,active,PhD,Bukhara,51,2.0,36943.90,1,$36943.90
EMP-5471,2017-04-24,Finance,Resigned,Diploma,Remote,52,3.1,37035.27,2,$37035.27
EMP-5472,2018-05-25,Operations,Active,Bachelors,Tashkent,53,4.2,37126.64,3,$37126.64
EMP-5473,2019-06-26,Support,Leave,Masters,Samarkand,54,5.3,37218.01,4,$37218.01
EMP-5474,2020-07-27,Sales,active,PhD,Bukhara,55,6.4,37309.38,5,$37309.38
EMP-5475,2021-08-28,Engineering,Resigned,Diploma,Remote,56,7.5,37400.75,1,$37400.75
EMP-5476,2022-09-01,HR,Active,Bachelors,Tashkent,57,8.6,37492.12,2,$37492.12
EMP-5477,2023-10-02,Finance,Leave,Masters,Samarkand,58,9.7,37583.49,3,$37583.49
EMP-5478,2024-11-03,Operations,active,PhD,Bukhara,59,10.8,37674.86,4,$37674.86
EMP-5479,2025-12-04,Support,Resigned,Diploma,Remote,60,11.9,37766.23,5,$37766.23
EMP-5480,2016-01-05,Sales,Active,Bachelors,Tashkent,21,0.0,37857.60,,$37857.60
EMP-5481,2017-02-06,Engineering,Leave,Masters,Samarkand,22,1.1,37948.97,2,$37948.97
EMP-5482,2018-03-07,HR,active,PhD,Bukhara,23,2.2,38040.34,3,$38040.34
EMP-5483,2019-04-08,Finance,Resigned,,Remote,24,3.3,38131.71,4,$38131.71
EMP-5484,2020-05-09,Operations,Active,Bachelors,Tashkent,25,4.4,38223.08,5,$38223.08
EMP-5485,2021-06-10,Support,Leave,Masters,Samarkand,26,5.5,38314.45,1,$38314.45
EMP-5486,2022-07-11,Sales,active,PhD,Bukhara,27,6.6,,2,$0
EMP-5487,2023-08-12,Engineering,Resigned,Diploma,Remote,28,7.7,38497.19,3,$38497.19
EMP-5488,2024-09-13,HR,Active,Bachelors,Tashkent,29,8.8,38588.56,4,$38588.56
EMP-5489,2025-10-14,Finance,Leave,Masters,Samarkand,30,9.9,38679.93,5,$38679.93
EMP-5490,2016-11-15,Operations,active,PhD,Bukhara,31,10.0,38771.30,1,$38771.30
EMP-5491,2017-12-16,Support,Resigned,Diploma,Remote,32,11.1,38862.67,2,$38862.67
EMP-5492,2018-01-17,Sales,Active,Bachelors,Tashkent,33,0.2,38954.04,3,$38954.04
EMP-5493,2019-02-18, sales ,Leave,Masters,Samarkand,34,1.3,39045.41,4,$39045.41
EMP-5494,2020-03-19,HR,active,PhD,Bukhara,35,2.4,39136.78,5,$39136.78
EMP-5495,2021-04-20,Finance,Resigned,Diploma,Remote,36,3.5,39228.15,1,$39228.15
EMP-5496,2022-05-21,Operations,Active,Bachelors,Tashkent,37,4.6,39319.52,,$39319.52
EMP-5497,2023-06-22,Support,Leave,Masters,Samarkand,38,5.7,39410.89,3,$39410.89
EMP-5498,2024-07-23,Sales,active,PhD,Bukhara,39,6.8,158009.04,4,$158009.04
EMP-5499,2025-08-24,Engineering,Resigned,Diploma,Remote,40,7.9,39593.63,5,$39593.63
EMP-5500,2016-09-25,HR,Active,Bachelors,Tashkent,41,8.0,39685.00,1,$39685.00
EMP-5501,2017-10-26,Finance,Leave,Masters,Samarkand,42,9.1,39776.37,2,$39776.37
EMP-5502,2018-11-27,Operations,active,PhD,Bukhara,43,10.2,39867.74,3,$39867.74
EMP-5503,2019-12-28,Support,Resigned,Diploma,Remote,44,11.3,39959.11,4,$39959.11
EMP-5504,2020-01-01,Sales,Active,,Tashkent,45,0.4,,5,$0
EMP-5505,2021-02-02,Engineering,Leave,Masters,Samarkand,46,1.5,40141.85,1,$40141.85
EMP-5506,2022-03-03,HR,active,PhD,Bukhara,47,2.6,40233.22,2,$40233.22
EMP-5507,2023-04-04,Finance,Resigned,Diploma,Remote,48,3.7,40324.59,3,$40324.59
EMP-5508,2024-05-05,Operations,Active,Bachelors,Tashkent,49,4.8,40415.96,4,$40415.96
EMP-5509,2025-06-06,Support,Leave,Masters,Samarkand,50,5.9,40507.33,5,$40507.33
EMP-5510,2016-07-07,Sales,active,PhD,Bukhara,51,6.0,40598.70,1,$40598.70
EMP-5511,2017-08-08,Engineering,Resigned,Diploma,Remote,52,7.1,40690.07,2,$40690.07
EMP-5512,2018-09-09,HR,Active,Bachelors,Tashkent,53,8.2,40781.44,,$40781.44
EMP-5513,2019-10-10,Finance,Leave,Masters,Samarkand,54,9.3,40872.81,4,$40872.81
EMP-5514,2020-11-11,Operations,active,PhD,Bukhara,55,10.4,40964.18,5,$40964.18
EMP-5515,2021-12-12,Support,Resigned,Diploma,Remote,56,11.5,41055.55,1,$41055.55
EMP-5516,2022-01-13,Sales,Active,Bachelors,Tashkent,57,0.6,41146.92,2,$41146.92
EMP-5517,2023-02-14,Engineering,Leave,Masters,Samarkand,58,1.7,41238.29,3,$41238.29
EMP-5518,2024-03-15,HR,active,PhD,Bukhara,59,2.8,41329.66,4,$41329.66
EMP-5519,2025-04-16,Finance,Resigned,Diploma,Remote,60,3.9,41421.03,5,$41421.03
EMP-5520,2016-05-17,Operations,Active,Bachelors,Tashkent,21,4.0,41512.40,1,$41512.40
EMP-5521,2017-06-18,Support,Leave,Masters,Samarkand,22,5.1,41603.77,2,$41603.77
EMP-5522,2018-07-19, sales ,active,PhD,Bukhara,23,6.2,,3,$0
EMP-5523,2019-08-20,Engineering,Resigned,Diploma,Remote,24,7.3,41786.51,4,$41786.51
EMP-5524,2020-09-21,HR,Active,Bachelors,Tashkent,25,8.4,41877.88,5,$41877.88
EMP-5525,2021-10-22,Finance,Leave,,Samarkand,26,9.5,41969.25,1,$41969.25
EMP-5526,2022-11-23,Operations,active,PhD,Bukhara,27,10.6,18060.62,2,$18060.62
EMP-5527,2023-12-24,Support,Resigned,Diploma,Remote,28,11.7,18151.99,3,$18151.99
EMP-5528,2024-01-25,Sales,Active,Bachelors,Tashkent,29,0.8,18243.36,,$18243.36
EMP-5529,2025-02-26,Engineering,Leave,Masters,Samarkand,30,1.9,18334.73,5,$18334.73
EMP-5530,2016-03-27,HR,active,PhD,Bukhara,31,2.0,18426.10,1,$18426.10
EMP-5531,2017-04-28,Finance,Resigned,Diploma,Remote,32,3.1,18517.47,2,$18517.47
EMP-5532,2018-05-01,Operations,Active,Bachelors,Tashkent,33,4.2,18608.84,3,$18608.84
EMP-5533,2019-06-02,Support,Leave,Masters,Samarkand,34,5.3,18700.21,4,$18700.21
EMP-5534,2020-07-03,Sales,active,PhD,Bukhara,35,6.4,18791.58,5,$18791.58
EMP-5535,2021-08-04,Engineering,Resigned,Diploma,Remote,36,7.5,18882.95,1,$18882.95
EMP-5536,2022-09-05,HR,Active,Bachelors,Tashkent,37,8.6,18974.32,2,$18974.32
EMP-5537,2023-10-06,Finance,Leave,Masters,Samarkand,38,9.7,19065.69,3,$19065.69
EMP-5538,2024-11-07,Operations,active,PhD,Bukhara,39,10.8,19157.06,4,$19157.06
EMP-5539,2025-12-08,Support,Resigned,Diploma,Remote,40,11.9,19248.43,5,$19248.43
EMP-5540,2016-01-09,Sales,Active,Bachelors,Tashkent,41,0.0,,1,$0
EMP-5541,2017-02-10,Engineering,Leave,Masters,Samarkand,42,1.1,19431.17,2,$19431.17
EMP-5542,2018-03-11,HR,active,PhD,Bukhara,43,2.2,19522.54,3,$19522.54
EMP-5543,2019-04-12,Finance,Resigned,Diploma,Remote,44,3.3,19613.91,4,$19613.91
EMP-5544,2020-05-13,Operations,Active,Bachelors,Tashkent,45,4.4,19705.28,,$19705.28
EMP-5545,2021-06-14,Support,Leave,Masters,Samarkand,46,5.5,19796.65,1,$19796.65
EMP-5546,2022-07-15,Sales,active,,Bukhara,47,6.6,19888.02,2,$19888.02
EMP-5547,2023-08-16,Engineering,Resigned,Diploma,Remote,48,7.7,19979.39,3,$19979.39
EMP-5548,2024-09-17,HR,Active,Bachelors,Tashkent,49,8.8,20070.76,4,$20070.76
EMP-5549,2025-10-18,Finance,Leave,Masters,Samarkand,50,9.9,20162.13,5,$20162.13
EMP-5550,2016-11-19,Operations,active,PhD,Bukhara,51,10.0,20253.50,1,$20253.50
EMP-5551,2017-12-20, sales ,Resigned,Diploma,Remote,52,11.1,20344.87,2,$20344.87
EMP-5552,2018-01-21,Sales,Active,Bachelors,Tashkent,53,0.2,20436.24,3,$20436.24
EMP-5553,2019-02-22,Engineering,Leave,Masters,Samarkand,54,1.3,20527.61,4,$20527.61
EMP-5554,2020-03-23,HR,active,PhD,Bukhara,55,2.4,20618.98,5,$20618.98
EMP-5555,2021-04-24,Finance,Resigned,Diploma,Remote,56,3.5,20710.35,1,$20710.35
EMP-5556,2022-05-25,Operations,Active,Bachelors,Tashkent,57,4.6,20801.72,2,$20801.72
EMP-5557,2023-06-26,Support,Leave,Masters,Samarkand,58,5.7,20893.09,3,$20893.09
EMP-5558,2024-07-27,Sales,active,PhD,Bukhara,59,6.8,,4,$0
EMP-5559,2025-08-28,Engineering,Resigned,Diploma,Remote,60,7.9,21075.83,5,$21075.83
EMP-5560,2016-09-01,HR,Active,Bachelors,Tashkent,21,8.0,21167.20,,$21167.20
EMP-5561,2017-10-02,Finance,Leave,Masters,Samarkand,22,9.1,21258.57,2,$21258.57
EMP-5562,2018-11-03,Operations,active,PhD,Bukhara,23,10.2,21349.94,3,$21349.94
EMP-5563,2019-12-04,Support,Resigned,Diploma,Remote,24,11.3,21441.31,4,$21441.31
EMP-5564,2020-01-05,Sales,Active,Bachelors,Tashkent,25,0.4,21532.68,5,$21532.68
EMP-5565,2021-02-06,Engineering,Leave,Masters,Samarkand,26,1.5,21624.05,1,$21624.05
EMP-5566,2022-03-07,HR,active,PhD,Bukhara,27,2.6,21715.42,2,$21715.42
EMP-5567,2023-04-08,Finance,Resigned,,Remote,28,3.7,21806.79,3,$21806.79
EMP-5568,2024-05-09,Operations,Active,Bachelors,Tashkent,29,4.8,21898.16,4,$21898.16
EMP-5569,2025-06-10,Support,Leave,Masters,Samarkand,30,5.9,21989.53,5,$21989.53
EMP-5570,2016-07-11,Sales,active,PhD,Bukhara,31,6.0,22080.90,1,$22080.90
EMP-5571,2017-08-12,Engineering,Resigned,Diploma,Remote,32,7.1,22172.27,2,$22172.27
EMP-5572,2018-09-13,HR,Active,Bachelors,Tashkent,33,8.2,22263.64,3,$22263.64
EMP-5573,2019-10-14,Finance,Leave,Masters,Samarkand,34,9.3,22355.01,4,$22355.01
EMP-5574,2020-11-15,Operations,active,PhD,Bukhara,35,10.4,22446.38,5,$22446.38
EMP-5575,2021-12-16,Support,Resigned,Diploma,Remote,36,11.5,22537.75,1,$22537.75
EMP-5576,2022-01-17,Sales,Active,Bachelors,Tashkent,37,0.6,,,$0
EMP-5577,2023-02-18,Engineering,Leave,Masters,Samarkand,38,1.7,22720.49,3,$22720.49
EMP-5578,2024-03-19,HR,active,PhD,Bukhara,39,2.8,22811.86,4,$22811.86
EMP-5579,2025-04-20,Finance,Resigned,Diploma,Remote,40,3.9,22903.23,5,$22903.23
EMP-5580,2016-05-21, sales ,Active,Bachelors,Tashkent,41,4.0,22994.60,1,$22994.60
EMP-5581,2017-06-22,Support,Leave,Masters,Samarkand,42,5.1,92343.88,2,$92343.88
EMP-5582,2018-07-23,Sales,active,PhD,Bukhara,43,6.2,23177.34,3,$23177.34
EMP-5583,2019-08-24,Engineering,Resigned,Diploma,Remote,44,7.3,23268.71,4,$23268.71
EMP-5584,2020-09-25,HR,Active,Bachelors,Tashkent,45,8.4,23360.08,5,$23360.08
EMP-5585,2021-10-26,Finance,Leave,Masters,Samarkand,46,9.5,23451.45,1,$23451.45
EMP-5586,2022-11-27,Operations,active,PhD,Bukhara,47,10.6,23542.82,2,$23542.82
EMP-5587,2023-12-28,Support,Resigned,Diploma,Remote,48,11.7,23634.19,3,$23634.19
EMP-5588,2024-01-01,Sales,Active,,Tashkent,49,0.8,23725.56,4,$23725.56
EMP-5589,2025-02-02,Engineering,Leave,Masters,Samarkand,50,1.9,23816.93,5,$23816.93
EMP-5590,2016-03-03,HR,active,PhD,Bukhara,51,2.0,23908.30,1,$23908.30
EMP-5591,2017-04-04,Finance,Resigned,Diploma,Remote,52,3.1,23999.67,2,$23999.67
EMP-5592,2018-05-05,Operations,Active,Bachelors,Tashkent,53,4.2,24091.04,,$24091.04
EMP-5593,2019-06-06,Support,Leave,Masters,Samarkand,54,5.3,24182.41,4,$24182.41
EMP-5594,2020-07-07,Sales,active,PhD,Bukhara,55,6.4,,5,$0
EMP-5595,2021-08-08,Engineering,Resigned,Diploma,Remote,56,7.5,24365.15,1,$24365.15
EMP-5596,2022-09-09,HR,Active,Bachelors,Tashkent,57,8.6,24456.52,2,$24456.52
EMP-5597,2023-10-10,Finance,Leave,Masters,Samarkand,58,9.7,24547.89,3,$24547.89
EMP-5598,2024-11-11,Operations,active,PhD,Bukhara,59,10.8,24639.26,4,$24639.26
EMP-5599,2025-12-12,Support,Resigned,Diploma,Remote,60,11.9,24730.63,5,$24730.63
EMP-5600,2016-01-13,Sales,Active,Bachelors,Tashkent,21,0.0,24822.00,1,$24822.00
EMP-5601,2017-02-14,Engineering,Leave,Masters,Samarkand,22,1.1,24913.37,2,$24913.37
EMP-5602,2018-03-15,HR,active,PhD,Bukhara,23,2.2,25004.74,3,$25004.74
EMP-5603,2019-04-16,Finance,Resigned,Diploma,Remote,24,3.3,25096.11,4,$25096.11
EMP-5604,2020-05-17,Operations,Active,Bachelors,Tashkent,25,4.4,25187.48,5,$25187.48
EMP-5605,2021-06-18,Support,Leave,Masters,Samarkand,26,5.5,25278.85,1,$25278.85
EMP-5606,2022-07-19,Sales,active,PhD,Bukhara,27,6.6,25370.22,2,$25370.22
EMP-5607,2023-08-20,Engineering,Resigned,Diploma,Remote,28,7.7,25461.59,3,$25461.59
EMP-5608,2024-09-21,HR,Active,Bachelors,Tashkent,29,8.8,25552.96,,$25552.96
EMP-5609,2025-10-22, sales ,Leave,,Samarkand,30,9.9,25644.33,5,$25644.33
EMP-5610,2016-11-23,Operations,active,PhD,Bukhara,31,10.0,25735.70,1,$25735.70
EMP-5611,2017-12-24,Support,Resigned,Diploma,Remote,32,11.1,25827.07,2,$25827.07
EMP-5612,2018-01-25,Sales,Active,Bachelors,Tashkent,33,0.2,,3,$0
EMP-5613,2019-02-26,Engineering,Leave,Masters,Samarkand,34,1.3,26009.81,4,$26009.81
EMP-5614,2020-03-27,HR,active,PhD,Bukhara,35,2.4,26101.18,5,$26101.18
EMP-5615,2021-04-28,Finance,Resigned,Diploma,Remote,36,3.5,26192.55,1,$26192.55
EMP-5616,2022-05-01,Operations,Active,Bachelors,Tashkent,37,4.6,26283.92,2,$26283.92
EMP-5617,2023-06-02,Support,Leave,Masters,Samarkand,38,5.7,26375.29,3,$26375.29
EMP-5618,2024-07-03,Sales,active,PhD,Bukhara,39,6.8,26466.66,4,$26466.66
EMP-5619,2025-08-04,Engineering,Resigned,Diploma,Remote,40,7.9,26558.03,5,$26558.03
EMP-5620,2016-09-05,HR,Active,Bachelors,Tashkent,41,8.0,26649.40,1,$26649.40
EMP-5621,2017-10-06,Finance,Leave,Masters,Samarkand,42,9.1,26740.77,2,$26740.77
EMP-5622,2018-11-07,Operations,active,PhD,Bukhara,43,10.2,26832.14,3,$26832.14
EMP-5623,2019-12-08,Support,Resigned,Diploma,Remote,44,11.3,26923.51,4,$26923.51
EMP-5624,2020-01-09,Sales,Active,Bachelors,Tashkent,45,0.4,27014.88,,$27014.88
EMP-5625,2021-02-10,Engineering,Leave,Masters,Samarkand,46,1.5,27106.25,1,$27106.25
EMP-5626,2022-03-11,HR,active,PhD,Bukhara,47,2.6,27197.62,2,$27197.62
EMP-5627,2023-04-12,Finance,Resigned,Diploma,Remote,48,3.7,27288.99,3,$27288.99
EMP-5628,2024-05-13,Operations,Active,Bachelors,Tashkent,49,4.8,27380.36,4,$27380.36
EMP-5629,2025-06-14,Support,Leave,Masters,Samarkand,50,5.9,27471.73,5,$27471.73
EMP-5630,2016-07-15,Sales,active,,Bukhara,51,6.0,,1,$0
EMP-5631,2017-08-16,Engineering,Resigned,Diploma,Remote,52,7.1,27654.47,2,$27654.47
EMP-5632,2018-09-17,HR,Active,Bachelors,Tashkent,53,8.2,27745.84,3,$27745.84
EMP-5633,2019-10-18,Finance,Leave,Masters,Samarkand,54,9.3,27837.21,4,$27837.21
EMP-5634,2020-11-19,Operations,active,PhD,Bukhara,55,10.4,27928.58,5,$27928.58
EMP-5635,2021-12-20,Support,Resigned,Diploma,Remote,56,11.5,28019.95,1,$28019.95
EMP-5636,2022-01-21,Sales,Active,Bachelors,Tashkent,57,0.6,28111.32,2,$28111.32
EMP-5637,2023-02-22,Engineering,Leave,Masters,Samarkand,58,1.7,28202.69,3,$28202.69
EMP-5638,2024-03-23, sales ,active,PhD,Bukhara,59,2.8,28294.06,4,$28294.06
EMP-5639,2025-04-24,Finance,Resigned,Diploma,Remote,60,3.9,28385.43,5,$28385.43
EMP-5640,2016-05-25,Operations,Active,Bachelors,Tashkent,21,4.0,28476.80,,$28476.80
EMP-5641,2017-06-26,Support,Leave,Masters,Samarkand,22,5.1,28568.17,2,$28568.17
EMP-5642,2018-07-27,Sales,active,PhD,Bukhara,23,6.2,28659.54,3,$28659.54
EMP-5643,2019-08-28,Engineering,Resigned,Diploma,Remote,24,7.3,28750.91,4,$28750.91
EMP-5644,2020-09-01,HR,Active,Bachelors,Tashkent,25,8.4,28842.28,5,$28842.28
EMP-5645,2021-10-02,Finance,Leave,Masters,Samarkand,26,9.5,28933.65,1,$28933.65
EMP-5646,2022-11-03,Operations,active,PhD,Bukhara,27,10.6,29025.02,2,$29025.02
EMP-5647,2023-12-04,Support,Resigned,Diploma,Remote,28,11.7,29116.39,3,$29116.39
EMP-5648,2024-01-05,Sales,Active,Bachelors,Tashkent,29,0.8,,4,$0
EMP-5649,2025-02-06,Engineering,Leave,Masters,Samarkand,30,1.9,29299.13,5,$29299.13
EMP-5650,2016-03-07,HR,active,PhD,Bukhara,31,2.0,29390.50,1,$29390.50
EMP-5651,2017-04-08,Finance,Resigned,,Remote,32,3.1,29481.87,2,$29481.87
EMP-5652,2018-05-09,Operations,Active,Bachelors,Tashkent,33,4.2,29573.24,3,$29573.24
EMP-5653,2019-06-10,Support,Leave,Masters,Samarkand,34,5.3,29664.61,4,$29664.61
EMP-5654,2020-07-11,Sales,active,PhD,Bukhara,35,6.4,29755.98,5,$29755.98
EMP-5655,2021-08-12,Engineering,Resigned,Diploma,Remote,36,7.5,29847.35,1,$29847.35
EMP-5656,2022-09-13,HR,Active,Bachelors,Tashkent,37,8.6,29938.72,,$29938.72
EMP-5657,2023-10-14,Finance,Leave,Masters,Samarkand,38,9.7,30030.09,3,$30030.09
EMP-5658,2024-11-15,Operations,active,PhD,Bukhara,39,10.8,30121.46,4,$30121.46
EMP-5659,2025-12-16,Support,Resigned,Diploma,Remote,40,11.9,30212.83,5,$30212.83
EMP-5660,2016-01-17,Sales,Active,Bachelors,Tashkent,41,0.0,30304.20,1,$30304.20
EMP-5661,2017-02-18,Engineering,Leave,Masters,Samarkand,42,1.1,30395.57,2,$30395.57
EMP-5662,2018-03-19,HR,active,PhD,Bukhara,43,2.2,30486.94,3,$30486.94
EMP-5663,2019-04-20,Finance,Resigned,Diploma,Remote,44,3.3,30578.31,4,$30578.31
EMP-5664,2020-05-21,Operations,Active,Bachelors,Tashkent,45,4.4,122678.72,5,$122678.72
EMP-5665,2021-06-22,Support,Leave,Masters,Samarkand,46,5.5,30761.05,1,$30761.05
EMP-5666,2022-07-23,Sales,active,PhD,Bukhara,47,6.6,,2,$0
EMP-5667,2023-08-24, sales ,Resigned,Diploma,Remote,48,7.7,30943.79,3,$30943.79
EMP-5668,2024-09-25,HR,Active,Bachelors,Tashkent,49,8.8,31035.16,4,$31035.16
EMP-5669,2025-10-26,Finance,Leave,Masters,Samarkand,50,9.9,31126.53,5,$31126.53
EMP-5670,2016-11-27,Operations,active,PhD,Bukhara,51,10.0,31217.90,1,$31217.90
EMP-5671,2017-12-28,Support,Resigned,Diploma,Remote,52,11.1,31309.27,2,$31309.27
EMP-5672,2018-01-01,Sales,Active,,Tashkent,53,0.2,31400.64,,$31400.64
EMP-5673,2019-02-02,Engineering,Leave,Masters,Samarkand,54,1.3,31492.01,4,$31492.01
EMP-5674,2020-03-03,HR,active,PhD,Bukhara,55,2.4,31583.38,5,$31583.38
EMP-5675,2021-04-04,Finance,Resigned,Diploma,Remote,56,3.5,31674.75,1,$31674.75
EMP-5676,2022-05-05,Operations,Active,Bachelors,Tashkent,57,4.6,31766.12,2,$31766.12
EMP-5677,2023-06-06,Support,Leave,Masters,Samarkand,58,5.7,31857.49,3,$31857.49
EMP-5678,2024-07-07,Sales,active,PhD,Bukhara,59,6.8,31948.86,4,$31948.86
EMP-5679,2025-08-08,Engineering,Resigned,Diploma,Remote,60,7.9,32040.23,5,$32040.23
EMP-5680,2016-09-09,HR,Active,Bachelors,Tashkent,21,8.0,32131.60,1,$32131.60
EMP-5681,2017-10-10,Finance,Leave,Masters,Samarkand,22,9.1,32222.97,2,$32222.97
EMP-5682,2018-11-11,Operations,active,PhD,Bukhara,23,10.2,32314.34,3,$32314.34
EMP-5683,2019-12-12,Support,Resigned,Diploma,Remote,24,11.3,32405.71,4,$32405.71
EMP-5684,2020-01-13,Sales,Active,Bachelors,Tashkent,25,0.4,,5,$0
EMP-5685,2021-02-14,Engineering,Leave,Masters,Samarkand,26,1.5,32588.45,1,$32588.45
EMP-5686,2022-03-15,HR,active,PhD,Bukhara,27,2.6,32679.82,2,$32679.82
EMP-5687,2023-04-16,Finance,Resigned,Diploma,Remote,28,3.7,32771.19,3,$32771.19
EMP-5688,2024-05-17,Operations,Active,Bachelors,Tashkent,29,4.8,32862.56,,$32862.56
EMP-5689,2025-06-18,Support,Leave,Masters,Samarkand,30,5.9,32953.93,5,$32953.93
EMP-5690,2016-07-19,Sales,active,PhD,Bukhara,31,6.0,33045.30,1,$33045.30
EMP-5691,2017-08-20,Engineering,Resigned,Diploma,Remote,32,7.1,33136.67,2,$33136.67
EMP-5692,2018-09-21,HR,Active,Bachelors,Tashkent,33,8.2,33228.04,3,$33228.04
EMP-5693,2019-10-22,Finance,Leave,,Samarkand,34,9.3,33319.41,4,$33319.41
EMP-5694,2020-11-23,Operations,active,PhD,Bukhara,35,10.4,33410.78,5,$33410.78
EMP-5695,2021-12-24,Support,Resigned,Diploma,Remote,36,11.5,33502.15,1,$33502.15
EMP-5696,2022-01-25, sales ,Active,Bachelors,Tashkent,37,0.6,33593.52,2,$33593.52
EMP-5697,2023-02-26,Engineering,Leave,Masters,Samarkand,38,1.7,33684.89,3,$33684.89
EMP-5698,2024-03-27,HR,active,PhD,Bukhara,39,2.8,33776.26,4,$33776.26
EMP-5699,2025-04-28,Finance,Resigned,Diploma,Remote,40,3.9,33867.63,5,$33867.63
EMP-5700,2016-05-01,Operations,Active,Bachelors,Tashkent,41,4.0,33959.00,1,$33959.00
EMP-5701,2017-06-02,Support,Leave,Masters,Samarkand,42,5.1,34050.37,2,$34050.37
EMP-5702,2018-07-03,Sales,active,PhD,Bukhara,43,6.2,,3,$0
EMP-5703,2019-08-04,Engineering,Resigned,Diploma,Remote,44,7.3,34233.11,4,$34233.11
EMP-5704,2020-09-05,HR,Active,Bachelors,Tashkent,45,8.4,34324.48,,$34324.48
EMP-5705,2021-10-06,Finance,Leave,Masters,Samarkand,46,9.5,34415.85,1,$34415.85
EMP-5706,2022-11-07,Operations,active,PhD,Bukhara,47,10.6,34507.22,2,$34507.22
EMP-5707,2023-12-08,Support,Resigned,Diploma,Remote,48,11.7,34598.59,3,$34598.59
EMP-5708,2024-01-09,Sales,Active,Bachelors,Tashkent,49,0.8,34689.96,4,$34689.96
EMP-5709,2025-02-10,Engineering,Leave,Masters,Samarkand,50,1.9,34781.33,5,$34781.33
EMP-5710,2016-03-11,HR,active,PhD,Bukhara,51,2.0,34872.70,1,$34872.70
EMP-5711,2017-04-12,Finance,Resigned,Diploma,Remote,52,3.1,34964.07,2,$34964.07
EMP-5712,2018-05-13,Operations,Active,Bachelors,Tashkent,53,4.2,35055.44,3,$35055.44
EMP-5713,2019-06-14,Support,Leave,Masters,Samarkand,54,5.3,35146.81,4,$35146.81
EMP-5714,2020-07-15,Sales,active,,Bukhara,55,6.4,35238.18,5,$35238.18
EMP-5715,2021-08-16,Engineering,Resigned,Diploma,Remote,56,7.5,35329.55,1,$35329.55
EMP-5716,2022-09-17,HR,Active,Bachelors,Tashkent,57,8.6,35420.92,2,$35420.92
EMP-5717,2023-10-18,Finance,Leave,Masters,Samarkand,58,9.7,35512.29,3,$35512.29
EMP-5718,2024-11-19,Operations,active,PhD,Bukhara,59,10.8,35603.66,4,$35603.66
EMP-5719,2025-12-20,Support,Resigned,Diploma,Remote,60,11.9,35695.03,5,$35695.03
EMP-5720,2016-01-21,Sales,Active,Bachelors,Tashkent,21,0.0,,,$0
EMP-5721,2017-02-22,Engineering,Leave,Masters,Samarkand,22,1.1,35877.77,2,$35877.77
EMP-5722,2018-03-23,HR,active,PhD,Bukhara,23,2.2,35969.14,3,$35969.14
EMP-5723,2019-04-24,Finance,Resigned,Diploma,Remote,24,3.3,36060.51,4,$36060.51
EMP-5724,2020-05-25,Operations,Active,Bachelors,Tashkent,25,4.4,36151.88,5,$36151.88
EMP-5725,2021-06-26, sales ,Leave,Masters,Samarkand,26,5.5,36243.25,1,$36243.25
EMP-5726,2022-07-27,Sales,active,PhD,Bukhara,27,6.6,36334.62,2,$36334.62
EMP-5727,2023-08-28,Engineering,Resigned,Diploma,Remote,28,7.7,36425.99,3,$36425.99
EMP-5728,2024-09-01,HR,Active,Bachelors,Tashkent,29,8.8,36517.36,4,$36517.36
EMP-5729,2025-10-02,Finance,Leave,Masters,Samarkand,30,9.9,36608.73,5,$36608.73
EMP-5730,2016-11-03,Operations,active,PhD,Bukhara,31,10.0,36700.10,1,$36700.10
EMP-5731,2017-12-04,Support,Resigned,Diploma,Remote,32,11.1,36791.47,2,$36791.47
EMP-5732,2018-01-05,Sales,Active,Bachelors,Tashkent,33,0.2,36882.84,3,$36882.84
EMP-5733,2019-02-06,Engineering,Leave,Masters,Samarkand,34,1.3,36974.21,4,$36974.21
EMP-5734,2020-03-07,HR,active,PhD,Bukhara,35,2.4,37065.58,5,$37065.58
EMP-5735,2021-04-08,Finance,Resigned,,Remote,36,3.5,37156.95,1,$37156.95
EMP-5736,2022-05-09,Operations,Active,Bachelors,Tashkent,37,4.6,37248.32,,$37248.32
EMP-5737,2023-06-10,Support,Leave,Masters,Samarkand,38,5.7,37339.69,3,$37339.69
EMP-5738,2024-07-11,Sales,active,PhD,Bukhara,39,6.8,,4,$0
EMP-5739,2025-08-12,Engineering,Resigned,Diploma,Remote,40,7.9,37522.43,5,$37522.43
EMP-5740,2016-09-13,HR,Active,Bachelors,Tashkent,41,8.0,37613.80,1,$37613.80
EMP-5741,2017-10-14,Finance,Leave,Masters,Samarkand,42,9.1,37705.17,2,$37705.17
EMP-5742,2018-11-15,Operations,active,PhD,Bukhara,43,10.2,37796.54,3,$37796.54
EMP-5743,2019-12-16,Support,Resigned,Diploma,Remote,44,11.3,37887.91,4,$37887.91
EMP-5744,2020-01-17,Sales,Active,Bachelors,Tashkent,45,0.4,37979.28,5,$37979.28
EMP-5745,2021-02-18,Engineering,Leave,Masters,Samarkand,46,1.5,38070.65,1,$38070.65
EMP-5746,2022-03-19,HR,active,PhD,Bukhara,47,2.6,38162.02,2,$38162.02
EMP-5747,2023-04-20,Finance,Resigned,Diploma,Remote,48,3.7,153013.56,3,$153013.56
EMP-5748,2024-05-21,Operations,Active,Bachelors,Tashkent,49,4.8,38344.76,4,$38344.76
EMP-5749,2025-06-22,Support,Leave,Masters,Samarkand,50,5.9,38436.13,5,$38436.13
EMP-5750,2016-07-23,Sales,active,PhD,Bukhara,51,6.0,38527.50,1,$38527.50
EMP-5751,2017-08-24,Engineering,Resigned,Diploma,Remote,52,7.1,38618.87,2,$38618.87
EMP-5752,2018-09-25,HR,Active,Bachelors,Tashkent,53,8.2,38710.24,,$38710.24
EMP-5753,2019-10-26,Finance,Leave,Masters,Samarkand,54,9.3,38801.61,4,$38801.61
EMP-5754,2020-11-27, sales ,active,PhD,Bukhara,55,10.4,38892.98,5,$38892.98
EMP-5755,2021-12-28,Support,Resigned,Diploma,Remote,56,11.5,38984.35,1,$38984.35
EMP-5756,2022-01-01,Sales,Active,,Tashkent,57,0.6,,2,$0
EMP-5757,2023-02-02,Engineering,Leave,Masters,Samarkand,58,1.7,39167.09,3,$39167.09
EMP-5758,2024-03-03,HR,active,PhD,Bukhara,59,2.8,39258.46,4,$39258.46
EMP-5759,2025-04-04,Finance,Resigned,Diploma,Remote,60,3.9,39349.83,5,$39349.83
EMP-5760,2016-05-05,Operations,Active,Bachelors,Tashkent,21,4.0,39441.20,1,$39441.20
EMP-5761,2017-06-06,Support,Leave,Masters,Samarkand,22,5.1,39532.57,2,$39532.57
EMP-5762,2018-07-07,Sales,active,PhD,Bukhara,23,6.2,39623.94,3,$39623.94
EMP-5763,2019-08-08,Engineering,Resigned,Diploma,Remote,24,7.3,39715.31,4,$39715.31
EMP-5764,2020-09-09,HR,Active,Bachelors,Tashkent,25,8.4,39806.68,5,$39806.68
EMP-5765,2021-10-10,Finance,Leave,Masters,Samarkand,26,9.5,39898.05,1,$39898.05
EMP-5766,2022-11-11,Operations,active,PhD,Bukhara,27,10.6,39989.42,2,$39989.42
EMP-5767,2023-12-12,Support,Resigned,Diploma,Remote,28,11.7,40080.79,3,$40080.79
EMP-5768,2024-01-13,Sales,Active,Bachelors,Tashkent,29,0.8,40172.16,,$40172.16
EMP-5769,2025-02-14,Engineering,Leave,Masters,Samarkand,30,1.9,40263.53,5,$40263.53
EMP-5770,2016-03-15,HR,active,PhD,Bukhara,31,2.0,40354.90,1,$40354.90
EMP-5771,2017-04-16,Finance,Resigned,Diploma,Remote,32,3.1,40446.27,2,$40446.27
EMP-5772,2018-05-17,Operations,Active,Bachelors,Tashkent,33,4.2,40537.64,3,$40537.64
EMP-5773,2019-06-18,Support,Leave,Masters,Samarkand,34,5.3,40629.01,4,$40629.01
EMP-5774,2020-07-19,Sales,active,PhD,Bukhara,35,6.4,,5,$0
EMP-5775,2021-08-20,Engineering,Resigned,Diploma,Remote,36,7.5,40811.75,1,$40811.75
EMP-5776,2022-09-21,HR,Active,Bachelors,Tashkent,37,8.6,40903.12,2,$40903.12
EMP-5777,2023-10-22,Finance,Leave,,Samarkand,38,9.7,40994.49,3,$40994.49
EMP-5778,2024-11-23,Operations,active,PhD,Bukhara,39,10.8,41085.86,4,$41085.86
EMP-5779,2025-12-24,Support,Resigned,Diploma,Remote,40,11.9,41177.23,5,$41177.23
EMP-5780,2016-01-25,Sales,Active,Bachelors,Tashkent,41,0.0,41268.60,1,$41268.60
EMP-5781,2017-02-26,Engineering,Leave,Masters,Samarkand,42,1.1,41359.97,2,$41359.97
EMP-5782,2018-03-27,HR,active,PhD,Bukhara,43,2.2,41451.34,3,$41451.34
EMP-5783,2019-04-28, sales ,Resigned,Diploma,Remote,44,3.3,41542.71,4,$41542.71
EMP-5784,2020-05-01,Operations,Active,Bachelors,Tashkent,45,4.4,41634.08,,$41634.08
EMP-5785,2021-06-02,Support,Leave,Masters,Samarkand,46,5.5,41725.45,1,$41725.45
EMP-5786,2022-07-03,Sales,active,PhD,Bukhara,47,6.6,41816.82,2,$41816.82
EMP-5787,2023-08-04,Engineering,Resigned,Diploma,Remote,48,7.7,41908.19,3,$41908.19
EMP-5788,2024-09-05,HR,Active,Bachelors,Tashkent,49,8.8,41999.56,4,$41999.56
EMP-5789,2025-10-06,Finance,Leave,Masters,Samarkand,50,9.9,18090.93,5,$18090.93
EMP-5790,2016-11-07,Operations,active,PhD,Bukhara,51,10.0,18182.30,1,$18182.30
EMP-5791,2017-12-08,Support,Resigned,Diploma,Remote,52,11.1,18273.67,2,$18273.67
EMP-5792,2018-01-09,Sales,Active,Bachelors,Tashkent,53,0.2,,3,$0
EMP-5793,2019-02-10,Engineering,Leave,Masters,Samarkand,54,1.3,18456.41,4,$18456.41
EMP-5794,2020-03-11,HR,active,PhD,Bukhara,55,2.4,18547.78,5,$18547.78
EMP-5795,2021-04-12,Finance,Resigned,Diploma,Remote,56,3.5,18639.15,1,$18639.15
EMP-5796,2022-05-13,Operations,Active,Bachelors,Tashkent,57,4.6,18730.52,2,$18730.52
EMP-5797,2023-06-14,Support,Leave,Masters,Samarkand,58,5.7,18821.89,3,$18821.89
EMP-5798,2024-07-15,Sales,active,,Bukhara,59,6.8,18913.26,4,$18913.26
EMP-5799,2025-08-16,Engineering,Resigned,Diploma,Remote,60,7.9,19004.63,5,$19004.63
EMP-5800,2016-09-17,HR,Active,Bachelors,Tashkent,21,8.0,19096.00,,$19096.00
EMP-5801,2017-10-18,Finance,Leave,Masters,Samarkand,22,9.1,19187.37,2,$19187.37
EMP-5802,2018-11-19,Operations,active,PhD,Bukhara,23,10.2,19278.74,3,$19278.74
EMP-5803,2019-12-20,Support,Resigned,Diploma,Remote,24,11.3,19370.11,4,$19370.11
EMP-5804,2020-01-21,Sales,Active,Bachelors,Tashkent,25,0.4,19461.48,5,$19461.48
EMP-5805,2021-02-22,Engineering,Leave,Masters,Samarkand,26,1.5,19552.85,1,$19552.85
EMP-5806,2022-03-23,HR,active,PhD,Bukhara,27,2.6,19644.22,2,$19644.22
EMP-5807,2023-04-24,Finance,Resigned,Diploma,Remote,28,3.7,19735.59,3,$19735.59
EMP-5808,2024-05-25,Operations,Active,Bachelors,Tashkent,29,4.8,19826.96,4,$19826.96
EMP-5809,2025-06-26,Support,Leave,Masters,Samarkand,30,5.9,19918.33,5,$19918.33
EMP-5810,2016-07-27,Sales,active,PhD,Bukhara,31,6.0,,1,$0
EMP-5811,2017-08-28,Engineering,Resigned,Diploma,Remote,32,7.1,20101.07,2,$20101.07
EMP-5812,2018-09-01, sales ,Active,Bachelors,Tashkent,33,8.2,20192.44,3,$20192.44
EMP-5813,2019-10-02,Finance,Leave,Masters,Samarkand,34,9.3,20283.81,4,$20283.81
EMP-5814,2020-11-03,Operations,active,PhD,Bukhara,35,10.4,20375.18,5,$20375.18
EMP-5815,2021-12-04,Support,Resigned,Diploma,Remote,36,11.5,20466.55,1,$20466.55
EMP-5816,2022-01-05,Sales,Active,Bachelors,Tashkent,37,0.6,20557.92,,$20557.92
EMP-5817,2023-02-06,Engineering,Leave,Masters,Samarkand,38,1.7,20649.29,3,$20649.29
EMP-5818,2024-03-07,HR,active,PhD,Bukhara,39,2.8,20740.66,4,$20740.66
EMP-5819,2025-04-08,Finance,Resigned,,Remote,40,3.9,20832.03,5,$20832.03
EMP-5820,2016-05-09,Operations,Active,Bachelors,Tashkent,41,4.0,20923.40,1,$20923.40
EMP-5821,2017-06-10,Support,Leave,Masters,Samarkand,42,5.1,21014.77,2,$21014.77
EMP-5822,2018-07-11,Sales,active,PhD,Bukhara,43,6.2,21106.14,3,$21106.14
EMP-5823,2019-08-12,Engineering,Resigned,Diploma,Remote,44,7.3,21197.51,4,$21197.51
EMP-5824,2020-09-13,HR,Active,Bachelors,Tashkent,45,8.4,21288.88,5,$21288.88
EMP-5825,2021-10-14,Finance,Leave,Masters,Samarkand,46,9.5,21380.25,1,$21380.25
EMP-5826,2022-11-15,Operations,active,PhD,Bukhara,47,10.6,21471.62,2,$21471.62
EMP-5827,2023-12-16,Support,Resigned,Diploma,Remote,48,11.7,21562.99,3,$21562.99
EMP-5828,2024-01-17,Sales,Active,Bachelors,Tashkent,49,0.8,,4,$0
EMP-5829,2025-02-18,Engineering,Leave,Masters,Samarkand,50,1.9,21745.73,5,$21745.73
EMP-5830,2016-03-19,HR,active,PhD,Bukhara,51,2.0,87348.40,1,$87348.40
EMP-5831,2017-04-20,Finance,Resigned,Diploma,Remote,52,3.1,21928.47,2,$21928.47
EMP-5832,2018-05-21,Operations,Active,Bachelors,Tashkent,53,4.2,22019.84,,$22019.84
EMP-5833,2019-06-22,Support,Leave,Masters,Samarkand,54,5.3,22111.21,4,$22111.21
EMP-5834,2020-07-23,Sales,active,PhD,Bukhara,55,6.4,22202.58,5,$22202.58
EMP-5835,2021-08-24,Engineering,Resigned,Diploma,Remote,56,7.5,22293.95,1,$22293.95
EMP-5836,2022-09-25,HR,Active,Bachelors,Tashkent,57,8.6,22385.32,2,$22385.32
EMP-5837,2023-10-26,Finance,Leave,Masters,Samarkand,58,9.7,22476.69,3,$22476.69
EMP-5838,2024-11-27,Operations,active,PhD,Bukhara,59,10.8,22568.06,4,$22568.06
EMP-5839,2025-12-28,Support,Resigned,Diploma,Remote,60,11.9,22659.43,5,$22659.43
EMP-5840,2016-01-01,Sales,Active,,Tashkent,21,0.0,22750.80,1,$22750.80
EMP-5841,2017-02-02, sales ,Leave,Masters,Samarkand,22,1.1,22842.17,2,$22842.17
EMP-5842,2018-03-03,HR,active,PhD,Bukhara,23,2.2,22933.54,3,$22933.54
EMP-5843,2019-04-04,Finance,Resigned,Diploma,Remote,24,3.3,23024.91,4,$23024.91
EMP-5844,2020-05-05,Operations,Active,Bachelors,Tashkent,25,4.4,23116.28,5,$23116.28
EMP-5845,2021-06-06,Support,Leave,Masters,Samarkand,26,5.5,23207.65,1,$23207.65
EMP-5846,2022-07-07,Sales,active,PhD,Bukhara,27,6.6,,2,$0
EMP-5847,2023-08-08,Engineering,Resigned,Diploma,Remote,28,7.7,23390.39,3,$23390.39
EMP-5848,2024-09-09,HR,Active,Bachelors,Tashkent,29,8.8,23481.76,,$23481.76
EMP-5849,2025-10-10,Finance,Leave,Masters,Samarkand,30,9.9,23573.13,5,$23573.13
EMP-5850,2016-11-11,Operations,active,PhD,Bukhara,31,10.0,23664.50,1,$23664.50
EMP-5851,2017-12-12,Support,Resigned,Diploma,Remote,32,11.1,23755.87,2,$23755.87
EMP-5852,2018-01-13,Sales,Active,Bachelors,Tashkent,33,0.2,23847.24,3,$23847.24
EMP-5853,2019-02-14,Engineering,Leave,Masters,Samarkand,34,1.3,23938.61,4,$23938.61
EMP-5854,2020-03-15,HR,active,PhD,Bukhara,35,2.4,24029.98,5,$24029.98
EMP-5855,2021-04-16,Finance,Resigned,Diploma,Remote,36,3.5,24121.35,1,$24121.35
EMP-5856,2022-05-17,Operations,Active,Bachelors,Tashkent,37,4.6,24212.72,2,$24212.72
EMP-5857,2023-06-18,Support,Leave,Masters,Samarkand,38,5.7,24304.09,3,$24304.09
EMP-5858,2024-07-19,Sales,active,PhD,Bukhara,39,6.8,24395.46,4,$24395.46
EMP-5859,2025-08-20,Engineering,Resigned,Diploma,Remote,40,7.9,24486.83,5,$24486.83
EMP-5860,2016-09-21,HR,Active,Bachelors,Tashkent,41,8.0,24578.20,1,$24578.20
EMP-5861,2017-10-22,Finance,Leave,,Samarkand,42,9.1,24669.57,2,$24669.57
EMP-5862,2018-11-23,Operations,active,PhD,Bukhara,43,10.2,24760.94,3,$24760.94
EMP-5863,2019-12-24,Support,Resigned,Diploma,Remote,44,11.3,24852.31,4,$24852.31
EMP-5864,2020-01-25,Sales,Active,Bachelors,Tashkent,45,0.4,,,$0
EMP-5865,2021-02-26,Engineering,Leave,Masters,Samarkand,46,1.5,25035.05,1,$25035.05
EMP-5866,2022-03-27,HR,active,PhD,Bukhara,47,2.6,25126.42,2,$25126.42
EMP-5867,2023-04-28,Finance,Resigned,Diploma,Remote,48,3.7,25217.79,3,$25217.79
EMP-5868,2024-05-01,Operations,Active,Bachelors,Tashkent,49,4.8,25309.16,4,$25309.16
EMP-5869,2025-06-02,Support,Leave,Masters,Samarkand,50,5.9,25400.53,5,$25400.53
EMP-5870,2016-07-03, sales ,active,PhD,Bukhara,51,6.0,25491.90,1,$25491.90
EMP-5871,2017-08-04,Engineering,Resigned,Diploma,Remote,52,7.1,25583.27,2,$25583.27
EMP-5872,2018-09-05,HR,Active,Bachelors,Tashkent,53,8.2,25674.64,3,$25674.64
EMP-5873,2019-10-06,Finance,Leave,Masters,Samarkand,54,9.3,25766.01,4,$25766.01
EMP-5874,2020-11-07,Operations,active,PhD,Bukhara,55,10.4,25857.38,5,$25857.38
EMP-5875,2021-12-08,Support,Resigned,Diploma,Remote,56,11.5,25948.75,1,$25948.75
EMP-5876,2022-01-09,Sales,Active,Bachelors,Tashkent,57,0.6,26040.12,2,$26040.12
EMP-5877,2023-02-10,Engineering,Leave,Masters,Samarkand,58,1.7,26131.49,3,$26131.49
EMP-5878,2024-03-11,HR,active,PhD,Bukhara,59,2.8,26222.86,4,$26222.86
EMP-5879,2025-04-12,Finance,Resigned,Diploma,Remote,60,3.9,26314.23,5,$26314.23
EMP-5880,2016-05-13,Operations,Active,Bachelors,Tashkent,21,4.0,26405.60,,$26405.60
EMP-5881,2017-06-14,Support,Leave,Masters,Samarkand,22,5.1,26496.97,2,$26496.97
EMP-5882,2018-07-15,Sales,active,,Bukhara,23,6.2,,3,$0
EMP-5883,2019-08-16,Engineering,Resigned,Diploma,Remote,24,7.3,26679.71,4,$26679.71
EMP-5884,2020-09-17,HR,Active,Bachelors,Tashkent,25,8.4,26771.08,5,$26771.08
EMP-5885,2021-10-18,Finance,Leave,Masters,Samarkand,26,9.5,26862.45,1,$26862.45
EMP-5886,2022-11-19,Operations,active,PhD,Bukhara,27,10.6,26953.82,2,$26953.82
EMP-5887,2023-12-20,Support,Resigned,Diploma,Remote,28,11.7,27045.19,3,$27045.19
EMP-5888,2024-01-21,Sales,Active,Bachelors,Tashkent,29,0.8,27136.56,4,$27136.56
EMP-5889,2025-02-22,Engineering,Leave,Masters,Samarkand,30,1.9,27227.93,5,$27227.93
EMP-5890,2016-03-23,HR,active,PhD,Bukhara,31,2.0,27319.30,1,$27319.30
EMP-5891,2017-04-24,Finance,Resigned,Diploma,Remote,32,3.1,27410.67,2,$27410.67
EMP-5892,2018-05-25,Operations,Active,Bachelors,Tashkent,33,4.2,27502.04,3,$27502.04
EMP-5893,2019-06-26,Support,Leave,Masters,Samarkand,34,5.3,27593.41,4,$27593.41
EMP-5894,2020-07-27,Sales,active,PhD,Bukhara,35,6.4,27684.78,5,$27684.78
EMP-5895,2021-08-28,Engineering,Resigned,Diploma,Remote,36,7.5,27776.15,1,$27776.15
EMP-5896,2022-09-01,HR,Active,Bachelors,Tashkent,37,8.6,27867.52,,$27867.52
EMP-5897,2023-10-02,Finance,Leave,Masters,Samarkand,38,9.7,27958.89,3,$27958.89
EMP-5898,2024-11-03,Operations,active,PhD,Bukhara,39,10.8,28050.26,4,$28050.26
EMP-5899,2025-12-04, sales ,Resigned,Diploma,Remote,40,11.9,28141.63,5,$28141.63
EMP-5900,2016-01-05,Sales,Active,Bachelors,Tashkent,41,0.0,,1,$0
EMP-5901,2017-02-06,Engineering,Leave,Masters,Samarkand,42,1.1,28324.37,2,$28324.37
EMP-5902,2018-03-07,HR,active,PhD,Bukhara,43,2.2,28415.74,3,$28415.74
EMP-5903,2019-04-08,Finance,Resigned,,Remote,44,3.3,28507.11,4,$28507.11
EMP-5904,2020-05-09,Operations,Active,Bachelors,Tashkent,45,4.4,28598.48,5,$28598.48
EMP-5905,2021-06-10,Support,Leave,Masters,Samarkand,46,5.5,28689.85,1,$28689.85
EMP-5906,2022-07-11,Sales,active,PhD,Bukhara,47,6.6,28781.22,2,$28781.22
EMP-5907,2023-08-12,Engineering,Resigned,Diploma,Remote,48,7.7,28872.59,3,$28872.59
EMP-5908,2024-09-13,HR,Active,Bachelors,Tashkent,49,8.8,28963.96,4,$28963.96
EMP-5909,2025-10-14,Finance,Leave,Masters,Samarkand,50,9.9,29055.33,5,$29055.33
EMP-5910,2016-11-15,Operations,active,PhD,Bukhara,51,10.0,29146.70,1,$29146.70
EMP-5911,2017-12-16,Support,Resigned,Diploma,Remote,52,11.1,29238.07,2,$29238.07
EMP-5912,2018-01-17,Sales,Active,Bachelors,Tashkent,53,0.2,29329.44,,$29329.44
EMP-5913,2019-02-18,Engineering,Leave,Masters,Samarkand,54,1.3,117683.24,4,$117683.24
EMP-5914,2020-03-19,HR,active,PhD,Bukhara,55,2.4,29512.18,5,$29512.18
EMP-5915,2021-04-20,Finance,Resigned,Diploma,Remote,56,3.5,29603.55,1,$29603.55
EMP-5916,2022-05-21,Operations,Active,Bachelors,Tashkent,57,4.6,29694.92,2,$29694.92
EMP-5917,2023-06-22,Support,Leave,Masters,Samarkand,58,5.7,29786.29,3,$29786.29
EMP-5918,2024-07-23,Sales,active,PhD,Bukhara,59,6.8,,4,$0
EMP-5919,2025-08-24,Engineering,Resigned,Diploma,Remote,60,7.9,29969.03,5,$29969.03
EMP-5920,2016-09-25,HR,Active,Bachelors,Tashkent,21,8.0,30060.40,1,$30060.40
EMP-5921,2017-10-26,Finance,Leave,Masters,Samarkand,22,9.1,30151.77,2,$30151.77
EMP-5922,2018-11-27,Operations,active,PhD,Bukhara,23,10.2,30243.14,3,$30243.14
EMP-5923,2019-12-28,Support,Resigned,Diploma,Remote,24,11.3,30334.51,4,$30334.51
EMP-5924,2020-01-01,Sales,Active,,Tashkent,25,0.4,30425.88,5,$30425.88
EMP-5925,2021-02-02,Engineering,Leave,Masters,Samarkand,26,1.5,30517.25,1,$30517.25
EMP-5926,2022-03-03,HR,active,PhD,Bukhara,27,2.6,30608.62,2,$30608.62
EMP-5927,2023-04-04,Finance,Resigned,Diploma,Remote,28,3.7,30699.99,3,$30699.99
EMP-5928,2024-05-05, sales ,Active,Bachelors,Tashkent,29,4.8,30791.36,,$30791.36
EMP-5929,2025-06-06,Support,Leave,Masters,Samarkand,30,5.9,30882.73,5,$30882.73
EMP-5930,2016-07-07,Sales,active,PhD,Bukhara,31,6.0,30974.10,1,$30974.10
EMP-5931,2017-08-08,Engineering,Resigned,Diploma,Remote,32,7.1,31065.47,2,$31065.47
EMP-5932,2018-09-09,HR,Active,Bachelors,Tashkent,33,8.2,31156.84,3,$31156.84
EMP-5933,2019-10-10,Finance,Leave,Masters,Samarkand,34,9.3,31248.21,4,$31248.21
EMP-5934,2020-11-11,Operations,active,PhD,Bukhara,35,10.4,31339.58,5,$31339.58
EMP-5935,2021-12-12,Support,Resigned,Diploma,Remote,36,11.5,31430.95,1,$31430.95
EMP-5936,2022-01-13,Sales,Active,Bachelors,Tashkent,37,0.6,,2,$0
EMP-5937,2023-02-14,Engineering,Leave,Masters,Samarkand,38,1.7,31613.69,3,$31613.69
EMP-5938,2024-03-15,HR,active,PhD,Bukhara,39,2.8,31705.06,4,$31705.06
EMP-5939,2025-04-16,Finance,Resigned,Diploma,Remote,40,3.9,31796.43,5,$31796.43
EMP-5940,2016-05-17,Operations,Active,Bachelors,Tashkent,41,4.0,31887.80,1,$31887.80
EMP-5941,2017-06-18,Support,Leave,Masters,Samarkand,42,5.1,31979.17,2,$31979.17
EMP-5942,2018-07-19,Sales,active,PhD,Bukhara,43,6.2,32070.54,3,$32070.54
EMP-5943,2019-08-20,Engineering,Resigned,Diploma,Remote,44,7.3,32161.91,4,$32161.91
EMP-5944,2020-09-21,HR,Active,Bachelors,Tashkent,45,8.4,32253.28,,$32253.28
EMP-5945,2021-10-22,Finance,Leave,,Samarkand,46,9.5,32344.65,1,$32344.65
EMP-5946,2022-11-23,Operations,active,PhD,Bukhara,47,10.6,32436.02,2,$32436.02
EMP-5947,2023-12-24,Support,Resigned,Diploma,Remote,48,11.7,32527.39,3,$32527.39
EMP-5948,2024-01-25,Sales,Active,Bachelors,Tashkent,49,0.8,32618.76,4,$32618.76
EMP-5949,2025-02-26,Engineering,Leave,Masters,Samarkand,50,1.9,32710.13,5,$32710.13
EMP-5950,2016-03-27,HR,active,PhD,Bukhara,51,2.0,32801.50,1,$32801.50
EMP-5951,2017-04-28,Finance,Resigned,Diploma,Remote,52,3.1,32892.87,2,$32892.87
EMP-5952,2018-05-01,Operations,Active,Bachelors,Tashkent,53,4.2,32984.24,3,$32984.24
EMP-5953,2019-06-02,Support,Leave,Masters,Samarkand,54,5.3,33075.61,4,$33075.61
EMP-5954,2020-07-03,Sales,active,PhD,Bukhara,55,6.4,,5,$0
EMP-5955,2021-08-04,Engineering,Resigned,Diploma,Remote,56,7.5,33258.35,1,$33258.35
EMP-5956,2022-09-05,HR,Active,Bachelors,Tashkent,57,8.6,33349.72,2,$33349.72
EMP-5957,2023-10-06, sales ,Leave,Masters,Samarkand,58,9.7,33441.09,3,$33441.09
EMP-5958,2024-11-07,Operations,active,PhD,Bukhara,59,10.8,33532.46,4,$33532.46
EMP-5959,2025-12-08,Support,Resigned,Diploma,Remote,60,11.9,33623.83,5,$33623.83
EMP-5960,2016-01-09,Sales,Active,Bachelors,Tashkent,21,0.0,33715.20,,$33715.20
EMP-5961,2017-02-10,Engineering,Leave,Masters,Samarkand,22,1.1,33806.57,2,$33806.57
EMP-5962,2018-03-11,HR,active,PhD,Bukhara,23,2.2,33897.94,3,$33897.94
EMP-5963,2019-04-12,Finance,Resigned,Diploma,Remote,24,3.3,33989.31,4,$33989.31
EMP-5964,2020-05-13,Operations,Active,Bachelors,Tashkent,25,4.4,34080.68,5,$34080.68
EMP-5965,2021-06-14,Support,Leave,Masters,Samarkand,26,5.5,34172.05,1,$34172.05
EMP-5966,2022-07-15,Sales,active,,Bukhara,27,6.6,34263.42,2,$34263.42
EMP-5967,2023-08-16,Engineering,Resigned,Diploma,Remote,28,7.7,34354.79,3,$34354.79
EMP-5968,2024-09-17,HR,Active,Bachelors,Tashkent,29,8.8,34446.16,4,$34446.16
EMP-5969,2025-10-18,Finance,Leave,Masters,Samarkand,30,9.9,34537.53,5,$34537.53
EMP-5970,2016-11-19,Operations,active,PhD,Bukhara,31,10.0,34628.90,1,$34628.90
EMP-5971,2017-12-20,Support,Resigned,Diploma,Remote,32,11.1,34720.27,2,$34720.27
EMP-5972,2018-01-21,Sales,Active,Bachelors,Tashkent,33,0.2,,3,$0
EMP-5973,2019-02-22,Engineering,Leave,Masters,Samarkand,34,1.3,34903.01,4,$34903.01
EMP-5974,2020-03-23,HR,active,PhD,Bukhara,35,2.4,34994.38,5,$34994.38
EMP-5975,2021-04-24,Finance,Resigned,Diploma,Remote,36,3.5,35085.75,1,$35085.75
EMP-5976,2022-05-25,Operations,Active,Bachelors,Tashkent,37,4.6,35177.12,,$35177.12
EMP-5977,2023-06-26,Support,Leave,Masters,Samarkand,38,5.7,35268.49,3,$35268.49
EMP-5978,2024-07-27,Sales,active,PhD,Bukhara,39,6.8,35359.86,4,$35359.86
EMP-5979,2025-08-28,Engineering,Resigned,Diploma,Remote,40,7.9,35451.23,5,$35451.23
EMP-5980,2016-09-01,HR,Active,Bachelors,Tashkent,41,8.0,35542.60,1,$35542.60
EMP-5981,2017-10-02,Finance,Leave,Masters,Samarkand,42,9.1,35633.97,2,$35633.97
EMP-5982,2018-11-03,Operations,active,PhD,Bukhara,43,10.2,35725.34,3,$35725.34
EMP-5983,2019-12-04,Support,Resigned,Diploma,Remote,44,11.3,35816.71,4,$35816.71
EMP-5984,2020-01-05,Sales,Active,Bachelors,Tashkent,45,0.4,35908.08,5,$35908.08
EMP-5985,2021-02-06,Engineering,Leave,Masters,Samarkand,46,1.5,35999.45,1,$35999.45
EMP-5986,2022-03-07, sales ,active,PhD,Bukhara,47,2.6,36090.82,2,$36090.82
EMP-5987,2023-04-08,Finance,Resigned,,Remote,48,3.7,36182.19,3,$36182.19
EMP-5988,2024-05-09,Operations,Active,Bachelors,Tashkent,49,4.8,36273.56,4,$36273.56
EMP-5989,2025-06-10,Support,Leave,Masters,Samarkand,50,5.9,36364.93,5,$36364.93
EMP-5990,2016-07-11,Sales,active,PhD,Bukhara,51,6.0,,1,$0
EMP-5991,2017-08-12,Engineering,Resigned,Diploma,Remote,52,7.1,36547.67,2,$36547.67
EMP-5992,2018-09-13,HR,Active,Bachelors,Tashkent,53,8.2,36639.04,,$36639.04
EMP-5993,2019-10-14,Finance,Leave,Masters,Samarkand,54,9.3,36730.41,4,$36730.41
EMP-5994,2020-11-15,Operations,active,PhD,Bukhara,55,10.4,36821.78,5,$36821.78
EMP-5995,2021-12-16,Support,Resigned,Diploma,Remote,56,11.5,36913.15,1,$36913.15
EMP-5996,2022-01-17,Sales,Active,Bachelors,Tashkent,57,0.6,148018.08,2,$148018.08
EMP-5997,2023-02-18,Engineering,Leave,Masters,Samarkand,58,1.7,37095.89,3,$37095.89
EMP-5998,2024-03-19,HR,active,PhD,Bukhara,59,2.8,37187.26,4,$37187.26
EMP-5999,2025-04-20,Finance,Resigned,Diploma,Remote,60,3.9,37278.63,5,$37278.63
EMP-6000,2016-05-21,Operations,Active,Bachelors,Tashkent,21,4.0,37370.00,1,$37370.00
EMP-6001,2017-06-22,Support,Leave,Masters,Samarkand,22,5.1,37461.37,2,$37461.37
EMP-6002,2018-07-23,Sales,active,PhD,Bukhara,23,6.2,37552.74,3,$37552.74
EMP-6003,2019-08-24,Engineering,Resigned,Diploma,Remote,24,7.3,37644.11,4,$37644.11
EMP-6004,2020-09-25,HR,Active,Bachelors,Tashkent,25,8.4,37735.48,5,$37735.48
EMP-6005,2021-10-26,Finance,Leave,Masters,Samarkand,26,9.5,37826.85,1,$37826.85
EMP-6006,2022-11-27,Operations,active,PhD,Bukhara,27,10.6,37918.22,2,$37918.22
EMP-6007,2023-12-28,Support,Resigned,Diploma,Remote,28,11.7,38009.59,3,$38009.59
EMP-6008,2024-01-01,Sales,Active,,Tashkent,29,0.8,,,$0
EMP-6009,2025-02-02,Engineering,Leave,Masters,Samarkand,30,1.9,38192.33,5,$38192.33
EMP-6010,2016-03-03,HR,active,PhD,Bukhara,31,2.0,38283.70,1,$38283.70
EMP-6011,2017-04-04,Finance,Resigned,Diploma,Remote,32,3.1,38375.07,2,$38375.07
EMP-6012,2018-05-05,Operations,Active,Bachelors,Tashkent,33,4.2,38466.44,3,$38466.44
EMP-6013,2019-06-06,Support,Leave,Masters,Samarkand,34,5.3,38557.81,4,$38557.81
EMP-6014,2020-07-07,Sales,active,PhD,Bukhara,35,6.4,38649.18,5,$38649.18
EMP-6015,2021-08-08, sales ,Resigned,Diploma,Remote,36,7.5,38740.55,1,$38740.55
EMP-6016,2022-09-09,HR,Active,Bachelors,Tashkent,37,8.6,38831.92,2,$38831.92
EMP-6017,2023-10-10,Finance,Leave,Masters,Samarkand,38,9.7,38923.29,3,$38923.29
EMP-6018,2024-11-11,Operations,active,PhD,Bukhara,39,10.8,39014.66,4,$39014.66
EMP-6019,2025-12-12,Support,Resigned,Diploma,Remote,40,11.9,39106.03,5,$39106.03
EMP-6020,2016-01-13,Sales,Active,Bachelors,Tashkent,41,0.0,39197.40,1,$39197.40
EMP-6021,2017-02-14,Engineering,Leave,Masters,Samarkand,42,1.1,39288.77,2,$39288.77
EMP-6022,2018-03-15,HR,active,PhD,Bukhara,43,2.2,39380.14,3,$39380.14
EMP-6023,2019-04-16,Finance,Resigned,Diploma,Remote,44,3.3,39471.51,4,$39471.51
EMP-6024,2020-05-17,Operations,Active,Bachelors,Tashkent,45,4.4,39562.88,,$39562.88
EMP-6025,2021-06-18,Support,Leave,Masters,Samarkand,46,5.5,39654.25,1,$39654.25
EMP-6026,2022-07-19,Sales,active,PhD,Bukhara,47,6.6,,2,$0
EMP-6027,2023-08-20,Engineering,Resigned,Diploma,Remote,48,7.7,39836.99,3,$39836.99
EMP-6028,2024-09-21,HR,Active,Bachelors,Tashkent,49,8.8,39928.36,4,$39928.36
EMP-6029,2025-10-22,Finance,Leave,,Samarkand,50,9.9,40019.73,5,$40019.73
EMP-6030,2016-11-23,Operations,active,PhD,Bukhara,51,10.0,40111.10,1,$40111.10
EMP-6031,2017-12-24,Support,Resigned,Diploma,Remote,52,11.1,40202.47,2,$40202.47
EMP-6032,2018-01-25,Sales,Active,Bachelors,Tashkent,53,0.2,40293.84,3,$40293.84
EMP-6033,2019-02-26,Engineering,Leave,Masters,Samarkand,54,1.3,40385.21,4,$40385.21
EMP-6034,2020-03-27,HR,active,PhD,Bukhara,55,2.4,40476.58,5,$40476.58
EMP-6035,2021-04-28,Finance,Resigned,Diploma,Remote,56,3.5,40567.95,1,$40567.95
EMP-6036,2022-05-01,Operations,Active,Bachelors,Tashkent,57,4.6,40659.32,2,$40659.32
EMP-6037,2023-06-02,Support,Leave,Masters,Samarkand,58,5.7,40750.69,3,$40750.69
EMP-6038,2024-07-03,Sales,active,PhD,Bukhara,59,6.8,40842.06,4,$40842.06
EMP-6039,2025-08-04,Engineering,Resigned,Diploma,Remote,60,7.9,40933.43,5,$40933.43
EMP-6040,2016-09-05,HR,Active,Bachelors,Tashkent,21,8.0,41024.80,,$41024.80
EMP-6041,2017-10-06,Finance,Leave,Masters,Samarkand,22,9.1,41116.17,2,$41116.17
EMP-6042,2018-11-07,Operations,active,PhD,Bukhara,23,10.2,41207.54,3,$41207.54
EMP-6043,2019-12-08,Support,Resigned,Diploma,Remote,24,11.3,41298.91,4,$41298.91
EMP-6044,2020-01-09, sales ,Active,Bachelors,Tashkent,25,0.4,,5,$0
EMP-6045,2021-02-10,Engineering,Leave,Masters,Samarkand,26,1.5,41481.65,1,$41481.65
EMP-6046,2022-03-11,HR,active,PhD,Bukhara,27,2.6,41573.02,2,$41573.02
EMP-6047,2023-04-12,Finance,Resigned,Diploma,Remote,28,3.7,41664.39,3,$41664.39
EMP-6048,2024-05-13,Operations,Active,Bachelors,Tashkent,29,4.8,41755.76,4,$41755.76
EMP-6049,2025-06-14,Support,Leave,Masters,Samarkand,30,5.9,41847.13,5,$41847.13
EMP-6050,2016-07-15,Sales,active,,Bukhara,31,6.0,41938.50,1,$41938.50
EMP-6051,2017-08-16,Engineering,Resigned,Diploma,Remote,32,7.1,18029.87,2,$18029.87
EMP-6052,2018-09-17,HR,Active,Bachelors,Tashkent,33,8.2,18121.24,3,$18121.24
EMP-6053,2019-10-18,Finance,Leave,Masters,Samarkand,34,9.3,18212.61,4,$18212.61
EMP-6054,2020-11-19,Operations,active,PhD,Bukhara,35,10.4,18303.98,5,$18303.98
EMP-6055,2021-12-20,Support,Resigned,Diploma,Remote,36,11.5,18395.35,1,$18395.35
EMP-6056,2022-01-21,Sales,Active,Bachelors,Tashkent,37,0.6,18486.72,,$18486.72
EMP-6057,2023-02-22,Engineering,Leave,Masters,Samarkand,38,1.7,18578.09,3,$18578.09
EMP-6058,2024-03-23,HR,active,PhD,Bukhara,39,2.8,18669.46,4,$18669.46
EMP-6059,2025-04-24,Finance,Resigned,Diploma,Remote,40,3.9,18760.83,5,$18760.83
EMP-6060,2016-05-25,Operations,Active,Bachelors,Tashkent,41,4.0,18852.20,1,$18852.20
EMP-6061,2017-06-26,Support,Leave,Masters,Samarkand,42,5.1,18943.57,2,$18943.57
EMP-6062,2018-07-27,Sales,active,PhD,Bukhara,43,6.2,,3,$0
EMP-6063,2019-08-28,Engineering,Resigned,Diploma,Remote,44,7.3,19126.31,4,$19126.31
EMP-6064,2020-09-01,HR,Active,Bachelors,Tashkent,45,8.4,19217.68,5,$19217.68
EMP-6065,2021-10-02,Finance,Leave,Masters,Samarkand,46,9.5,19309.05,1,$19309.05
EMP-6066,2022-11-03,Operations,active,PhD,Bukhara,47,10.6,19400.42,2,$19400.42
EMP-6067,2023-12-04,Support,Resigned,Diploma,Remote,48,11.7,19491.79,3,$19491.79
EMP-6068,2024-01-05,Sales,Active,Bachelors,Tashkent,49,0.8,19583.16,4,$19583.16
EMP-6069,2025-02-06,Engineering,Leave,Masters,Samarkand,50,1.9,19674.53,5,$19674.53
EMP-6070,2016-03-07,HR,active,PhD,Bukhara,51,2.0,19765.90,1,$19765.90
EMP-6071,2017-04-08,Finance,Resigned,,Remote,52,3.1,19857.27,2,$19857.27
EMP-6072,2018-05-09,Operations,Active,Bachelors,Tashkent,53,4.2,19948.64,,$19948.64
EMP-6073,2019-06-10, sales ,Leave,Masters,Samarkand,54,5.3,20040.01,4,$20040.01
EMP-6074,2020-07-11,Sales,active,PhD,Bukhara,55,6.4,20131.38,5,$20131.38
EMP-6075,2021-08-12,Engineering,Resigned,Diploma,Remote,56,7.5,20222.75,1,$20222.75
EMP-6076,2022-09-13,HR,Active,Bachelors,Tashkent,57,8.6,20314.12,2,$20314.12
EMP-6077,2023-10-14,Finance,Leave,Masters,Samarkand,58,9.7,20405.49,3,$20405.49
EMP-6078,2024-11-15,Operations,active,PhD,Bukhara,59,10.8,20496.86,4,$20496.86
EMP-6079,2025-12-16,Support,Resigned,Diploma,Remote,60,11.9,82352.92,5,$82352.92
EMP-6080,2016-01-17,Sales,Active,Bachelors,Tashkent,21,0.0,,1,$0
EMP-6081,2017-02-18,Engineering,Leave,Masters,Samarkand,22,1.1,20770.97,2,$20770.97
EMP-6082,2018-03-19,HR,active,PhD,Bukhara,23,2.2,20862.34,3,$20862.34
EMP-6083,2019-04-20,Finance,Resigned,Diploma,Remote,24,3.3,20953.71,4,$20953.71
EMP-6084,2020-05-21,Operations,Active,Bachelors,Tashkent,25,4.4,21045.08,5,$21045.08
EMP-6085,2021-06-22,Support,Leave,Masters,Samarkand,26,5.5,21136.45,1,$21136.45
EMP-6086,2022-07-23,Sales,active,PhD,Bukhara,27,6.6,21227.82,2,$21227.82
EMP-6087,2023-08-24,Engineering,Resigned,Diploma,Remote,28,7.7,21319.19,3,$21319.19
EMP-6088,2024-09-25,HR,Active,Bachelors,Tashkent,29,8.8,21410.56,,$21410.56
EMP-6089,2025-10-26,Finance,Leave,Masters,Samarkand,30,9.9,21501.93,5,$21501.93
EMP-6090,2016-11-27,Operations,active,PhD,Bukhara,31,10.0,21593.30,1,$21593.30
EMP-6091,2017-12-28,Support,Resigned,Diploma,Remote,32,11.1,21684.67,2,$21684.67
EMP-6092,2018-01-01,Sales,Active,,Tashkent,33,0.2,21776.04,3,$21776.04
EMP-6093,2019-02-02,Engineering,Leave,Masters,Samarkand,34,1.3,21867.41,4,$21867.41
EMP-6094,2020-03-03,HR,active,PhD,Bukhara,35,2.4,21958.78,5,$21958.78
EMP-6095,2021-04-04,Finance,Resigned,Diploma,Remote,36,3.5,22050.15,1,$22050.15
EMP-6096,2022-05-05,Operations,Active,Bachelors,Tashkent,37,4.6,22141.52,2,$22141.52
EMP-6097,2023-06-06,Support,Leave,Masters,Samarkand,38,5.7,22232.89,3,$22232.89
EMP-6098,2024-07-07,Sales,active,PhD,Bukhara,39,6.8,,4,$0
EMP-6099,2025-08-08,Engineering,Resigned,Diploma,Remote,40,7.9,22415.63,5,$22415.63
EMP-6100,2016-09-09,HR,Active,Bachelors,Tashkent,41,8.0,22507.00,1,$22507.00
EMP-6101,2017-10-10,Finance,Leave,Masters,Samarkand,42,9.1,22598.37,2,$22598.37
EMP-6102,2018-11-11, sales ,active,PhD,Bukhara,43,10.2,22689.74,3,$22689.74
EMP-6103,2019-12-12,Support,Resigned,Diploma,Remote,44,11.3,22781.11,4,$22781.11
EMP-6104,2020-01-13,Sales,Active,Bachelors,Tashkent,45,0.4,22872.48,,$22872.48
EMP-6105,2021-02-14,Engineering,Leave,Masters,Samarkand,46,1.5,22963.85,1,$22963.85
EMP-6106,2022-03-15,HR,active,PhD,Bukhara,47,2.6,23055.22,2,$23055.22
EMP-6107,2023-04-16,Finance,Resigned,Diploma,Remote,48,3.7,23146.59,3,$23146.59
EMP-6108,2024-05-17,Operations,Active,Bachelors,Tashkent,49,4.8,23237.96,4,$23237.96
EMP-6109,2025-06-18,Support,Leave,Masters,Samarkand,50,5.9,23329.33,5,$23329.33
EMP-6110,2016-07-19,Sales,active,PhD,Bukhara,51,6.0,23420.70,1,$23420.70
EMP-6111,2017-08-20,Engineering,Resigned,Diploma,Remote,52,7.1,23512.07,2,$23512.07
EMP-6112,2018-09-21,HR,Active,Bachelors,Tashkent,53,8.2,23603.44,3,$23603.44
EMP-6113,2019-10-22,Finance,Leave,,Samarkand,54,9.3,23694.81,4,$23694.81
EMP-6114,2020-11-23,Operations,active,PhD,Bukhara,55,10.4,23786.18,5,$23786.18
EMP-6115,2021-12-24,Support,Resigned,Diploma,Remote,56,11.5,23877.55,1,$23877.55
EMP-6116,2022-01-25,Sales,Active,Bachelors,Tashkent,57,0.6,,2,$0
EMP-6117,2023-02-26,Engineering,Leave,Masters,Samarkand,58,1.7,24060.29,3,$24060.29
EMP-6118,2024-03-27,HR,active,PhD,Bukhara,59,2.8,24151.66,4,$24151.66
EMP-6119,2025-04-28,Finance,Resigned,Diploma,Remote,60,3.9,24243.03,5,$24243.03
EMP-6120,2016-05-01,Operations,Active,Bachelors,Tashkent,21,4.0,24334.40,,$24334.40
EMP-6121,2017-06-02,Support,Leave,Masters,Samarkand,22,5.1,24425.77,2,$24425.77
EMP-6122,2018-07-03,Sales,active,PhD,Bukhara,23,6.2,24517.14,3,$24517.14
EMP-6123,2019-08-04,Engineering,Resigned,Diploma,Remote,24,7.3,24608.51,4,$24608.51
EMP-6124,2020-09-05,HR,Active,Bachelors,Tashkent,25,8.4,24699.88,5,$24699.88
EMP-6125,2021-10-06,Finance,Leave,Masters,Samarkand,26,9.5,24791.25,1,$24791.25
EMP-6126,2022-11-07,Operations,active,PhD,Bukhara,27,10.6,24882.62,2,$24882.62
EMP-6127,2023-12-08,Support,Resigned,Diploma,Remote,28,11.7,24973.99,3,$24973.99
EMP-6128,2024-01-09,Sales,Active,Bachelors,Tashkent,29,0.8,25065.36,4,$25065.36
EMP-6129,2025-02-10,Engineering,Leave,Masters,Samarkand,30,1.9,25156.73,5,$25156.73
EMP-6130,2016-03-11,HR,active,PhD,Bukhara,31,2.0,25248.10,1,$25248.10
EMP-6131,2017-04-12, sales ,Resigned,Diploma,Remote,32,3.1,25339.47,2,$25339.47
EMP-6132,2018-05-13,Operations,Active,Bachelors,Tashkent,33,4.2,25430.84,3,$25430.84
EMP-6133,2019-06-14,Support,Leave,Masters,Samarkand,34,5.3,25522.21,4,$25522.21
EMP-6134,2020-07-15,Sales,active,,Bukhara,35,6.4,,5,$0
EMP-6135,2021-08-16,Engineering,Resigned,Diploma,Remote,36,7.5,25704.95,1,$25704.95
EMP-6136,2022-09-17,HR,Active,Bachelors,Tashkent,37,8.6,25796.32,,$25796.32
EMP-6137,2023-10-18,Finance,Leave,Masters,Samarkand,38,9.7,25887.69,3,$25887.69
EMP-6138,2024-11-19,Operations,active,PhD,Bukhara,39,10.8,25979.06,4,$25979.06
EMP-6139,2025-12-20,Support,Resigned,Diploma,Remote,40,11.9,26070.43,5,$26070.43
EMP-6140,2016-01-21,Sales,Active,Bachelors,Tashkent,41,0.0,26161.80,1,$26161.80
EMP-6141,2017-02-22,Engineering,Leave,Masters,Samarkand,42,1.1,26253.17,2,$26253.17
EMP-6142,2018-03-23,HR,active,PhD,Bukhara,43,2.2,26344.54,3,$26344.54
EMP-6143,2019-04-24,Finance,Resigned,Diploma,Remote,44,3.3,26435.91,4,$26435.91
EMP-6144,2020-05-25,Operations,Active,Bachelors,Tashkent,45,4.4,26527.28,5,$26527.28
EMP-6145,2021-06-26,Support,Leave,Masters,Samarkand,46,5.5,26618.65,1,$26618.65
EMP-6146,2022-07-27,Sales,active,PhD,Bukhara,47,6.6,26710.02,2,$26710.02
EMP-6147,2023-08-28,Engineering,Resigned,Diploma,Remote,48,7.7,26801.39,3,$26801.39
EMP-6148,2024-09-01,HR,Active,Bachelors,Tashkent,49,8.8,26892.76,4,$26892.76
EMP-6149,2025-10-02,Finance,Leave,Masters,Samarkand,50,9.9,26984.13,5,$26984.13
EMP-6150,2016-11-03,Operations,active,PhD,Bukhara,51,10.0,27075.50,1,$27075.50
EMP-6151,2017-12-04,Support,Resigned,Diploma,Remote,52,11.1,27166.87,2,$27166.87
EMP-6152,2018-01-05,Sales,Active,Bachelors,Tashkent,53,0.2,,,$0
EMP-6153,2019-02-06,Engineering,Leave,Masters,Samarkand,54,1.3,27349.61,4,$27349.61
EMP-6154,2020-03-07,HR,active,PhD,Bukhara,55,2.4,27440.98,5,$27440.98
EMP-6155,2021-04-08,Finance,Resigned,,Remote,56,3.5,27532.35,1,$27532.35
EMP-6156,2022-05-09,Operations,Active,Bachelors,Tashkent,57,4.6,27623.72,2,$27623.72
EMP-6157,2023-06-10,Support,Leave,Masters,Samarkand,58,5.7,27715.09,3,$27715.09
EMP-6158,2024-07-11,Sales,active,PhD,Bukhara,59,6.8,27806.46,4,$27806.46
EMP-6159,2025-08-12,Engineering,Resigned,Diploma,Remote,60,7.9,27897.83,5,$27897.83
EMP-6160,2016-09-13, sales ,Active,Bachelors,Tashkent,21,8.0,27989.20,1,$27989.20
EMP-6161,2017-10-14,Finance,Leave,Masters,Samarkand,22,9.1,28080.57,2,$28080.57
EMP-6162,2018-11-15,Operations,active,PhD,Bukhara,23,10.2,112687.76,3,$112687.76
EMP-6163,2019-12-16,Support,Resigned,Diploma,Remote,24,11.3,28263.31,4,$28263.31
EMP-6164,2020-01-17,Sales,Active,Bachelors,Tashkent,25,0.4,28354.68,5,$28354.68
EMP-6165,2021-02-18,Engineering,Leave,Masters,Samarkand,26,1.5,28446.05,1,$28446.05
EMP-6166,2022-03-19,HR,active,PhD,Bukhara,27,2.6,28537.42,2,$28537.42
EMP-6167,2023-04-20,Finance,Resigned,Diploma,Remote,28,3.7,28628.79,3,$28628.79
EMP-6168,2024-05-21,Operations,Active,Bachelors,Tashkent,29,4.8,28720.16,,$28720.16
EMP-6169,2025-06-22,Support,Leave,Masters,Samarkand,30,5.9,28811.53,5,$28811.53
EMP-6170,2016-07-23,Sales,active,PhD,Bukhara,31,6.0,,1,$0
EMP-6171,2017-08-24,Engineering,Resigned,Diploma,Remote,32,7.1,28994.27,2,$28994.27
EMP-6172,2018-09-25,HR,Active,Bachelors,Tashkent,33,8.2,29085.64,3,$29085.64
EMP-6173,2019-10-26,Finance,Leave,Masters,Samarkand,34,9.3,29177.01,4,$29177.01
EMP-6174,2020-11-27,Operations,active,PhD,Bukhara,35,10.4,29268.38,5,$29268.38
EMP-6175,2021-12-28,Support,Resigned,Diploma,Remote,36,11.5,29359.75,1,$29359.75
EMP-5001,2017-02-02,Engineering,Leave,Masters,Samarkand,22,1.1,18091.37,2,$18091.37
EMP-5002,2018-03-03,HR,active,PhD,Bukhara,23,2.2,18182.74,3,$18182.74
EMP-5003,2019-04-04,Finance,Resigned,Diploma,Remote,24,3.3,18274.11,4,$18274.11
EMP-5004,2020-05-05,Operations,Active,Bachelors,Tashkent,25,4.4,18365.48,5,$18365.48
EMP-5005,2021-06-06,Support,Leave,Masters,Samarkand,26,5.5,18456.85,1,$18456.85
EMP-5006,2022-07-07,Sales,active,PhD,Bukhara,27,6.6,18548.22,2,$18548.22
EMP-5007,2023-08-08,Engineering,Resigned,Diploma,Remote,28,7.7,18639.59,3,$18639.59
EMP-5008,2024-09-09,HR,Active,Bachelors,Tashkent,29,8.8,18730.96,4,$18730.96
EMP-5009,2025-10-10,Finance,Leave,Masters,Samarkand,30,9.9,18822.33,5,$18822.33
EMP-5010,2016-11-11,Operations,active,PhD,Bukhara,31,10.0,18913.70,1,$18913.70
EMP-5011,2017-12-12,Support,Resigned,Diploma,Remote,32,11.1,19005.07,2,$19005.07
EMP-5012,2018-01-13,Sales,Active,Bachelors,Tashkent,33,0.2,19096.44,3,$19096.44
EMP-5013,2019-02-14,Engineering,Leave,Masters,Samarkand,34,1.3,19187.81,4,$19187.81
EMP-5014,2020-03-15,HR,active,PhD,Bukhara,35,2.4,19279.18,5,$19279.18
EMP-5015,2021-04-16,Finance,Resigned,Diploma,Remote,36,3.5,19370.55,1,$19370.55
EMP-5016,2022-05-17,Operations,Active,Bachelors,Tashkent,37,4.6,19461.92,,$19461.92
EMP-5017,2023-06-18,Support,Leave,Masters,Samarkand,38,5.7,19553.29,3,$19553.29
EMP-5018,2024-07-19,Sales,active,PhD,Bukhara,39,6.8,,4,$0
EMP-5019,2025-08-20,Engineering,Resigned,Diploma,Remote,40,7.9,19736.03,5,$19736.03
EMP-5020,2016-09-21,HR,Active,Bachelors,Tashkent,41,8.0,19827.40,1,$19827.40
EMP-5021,2017-10-22,Finance,Leave,,Samarkand,42,9.1,19918.77,2,$19918.77
EMP-5022,2018-11-23,Operations,active,PhD,Bukhara,43,10.2,20010.14,3,$20010.14
EMP-5023,2019-12-24,Support,Resigned,Diploma,Remote,44,11.3,20101.51,4,$20101.51
EMP-5024,2020-01-25,Sales,Active,Bachelors,Tashkent,45,0.4,20192.88,5,$20192.88
EMP-5025,2021-02-26,Engineering,Leave,Masters,Samarkand,46,1.5,20284.25,1,$20284.25
